-- phpMyAdmin SQL Dump
-- version 4.1.14
-- http://www.phpmyadmin.net
--
-- Host: 127.0.0.1
-- Generation Time: Apr 01, 2016 at 05:56 PM
-- Server version: 5.6.17
-- PHP Version: 5.5.12

SET SQL_MODE = "NO_AUTO_VALUE_ON_ZERO";
SET time_zone = "+00:00";


/*!40101 SET @OLD_CHARACTER_SET_CLIENT=@@CHARACTER_SET_CLIENT */;
/*!40101 SET @OLD_CHARACTER_SET_RESULTS=@@CHARACTER_SET_RESULTS */;
/*!40101 SET @OLD_COLLATION_CONNECTION=@@COLLATION_CONNECTION */;
/*!40101 SET NAMES utf8 */;

--
-- Database: `udan_vsm`
--

-- --------------------------------------------------------

--
-- Table structure for table `admin`
--

CREATE TABLE IF NOT EXISTS `admin` (
  `user_id` varchar(100) NOT NULL,
  `password` varchar(100) NOT NULL,
  `repass` varchar(100) NOT NULL,
  UNIQUE KEY `user_id` (`user_id`)
) ENGINE=MyISAM DEFAULT CHARSET=latin1;

--
-- Dumping data for table `admin`
--

INSERT INTO `admin` (`user_id`, `password`, `repass`) VALUES
('jonti', '167626', '167626');

-- --------------------------------------------------------

--
-- Table structure for table `comp`
--

CREATE TABLE IF NOT EXISTS `comp` (
  `name` varchar(100) NOT NULL,
  `rate` float(100,2) NOT NULL,
  `share` int(100) NOT NULL,
  `type` varchar(100) NOT NULL,
  `group` varchar(100) NOT NULL,
  `per_change` int(100) NOT NULL DEFAULT '5',
  `circuit_status` int(20) NOT NULL DEFAULT '0',
  `circuit` int(20) NOT NULL DEFAULT '15',
  `broker_status` int(20) NOT NULL DEFAULT '0'
) ENGINE=MyISAM DEFAULT CHARSET=latin1;

--
-- Dumping data for table `comp`
--

INSERT INTO `comp` (`name`, `rate`, `share`, `type`, `group`, `per_change`, `circuit_status`, `circuit`, `broker_status`) VALUES
('ultratech', 800.00, 100000, 'Cement', 'A', 10, 0, 15, 0),
('ongc', 1100.00, 100000, 'Oil Drilling', 'A', 15, 0, 15, 0),
('wipro', 830.00, 100000, 'IT', 'A', 10, 0, 15, 0),
('tcs', 720.00, 100000, 'IT', 'A', 10, 0, 15, 0),
('oraclefinance', 100.00, 100000, 'IT', 'A', 10, 0, 15, 0),
('satyam', 50.00, 100000, 'IT', 'B', 15, 0, 15, 0),
('infosys', 2300.00, 100000, 'IT', 'A', 10, 0, 15, 0),
('bajajauto', 1800.00, 100000, 'Automobile', 'A', 10, 0, 15, 0),
('tatastl', 600.00, 100000, 'steel', 'A', 10, 0, 15, 0),
('relinfra', 1050.00, 100000, 'Power Generation', 'A', 10, 0, 15, 0),
('relpower', 170.00, 100000, 'Power Genration', 'B', 10, 0, 15, 0),
('denabank', 100.00, 100000, 'Banking', 'B', 10, 0, 15, 0),
('sbi', 1400.00, 100000, 'Banking', 'A', 10, 0, 15, 0),
('bhartiairtel', 400.00, 100000, 'Communication', 'B', 10, 0, 15, 0),
('axisbank', 1500.00, 100000, 'Banking', 'A', 10, 0, 15, 0),
('hdfc', 2000.00, 100000, 'Banking', 'A', 10, 0, 15, 0),
('icici', 900.00, 100000, 'Banking', 'A', 10, 0, 15, 0),
('educomp', 800.00, 100000, 'IT', 'A', 10, 0, 15, 0),
('larsen', 1700.00, 100000, 'Infra', 'A', 10, 0, 15, 0),
('relcapital', 950.00, 100000, 'Banking', 'A', 10, 0, 15, 0);

-- --------------------------------------------------------

--
-- Table structure for table `last_transaction`
--

CREATE TABLE IF NOT EXISTS `last_transaction` (
  `name` varchar(100) NOT NULL,
  `rate` float(100,2) NOT NULL DEFAULT '0.00',
  `share` int(100) NOT NULL DEFAULT '0',
  `buy` double(255,2) NOT NULL DEFAULT '0.00',
  `sell` double(255,2) NOT NULL DEFAULT '0.00',
  `trades` int(100) NOT NULL DEFAULT '0',
  `high` double(255,2) NOT NULL DEFAULT '0.00',
  `low` double(255,2) NOT NULL DEFAULT '0.00'
) ENGINE=MyISAM DEFAULT CHARSET=latin1;

--
-- Dumping data for table `last_transaction`
--

INSERT INTO `last_transaction` (`name`, `rate`, `share`, `buy`, `sell`, `trades`, `high`, `low`) VALUES
('axisbank', 1408.05, 0, 0.00, 0.00, 0, 0.00, 0.00),
('bajajauto', 1700.00, 0, 0.00, 0.00, 0, 0.00, 0.00),
('bhartiairtel', 390.00, 0, 0.00, 0.00, 0, 0.00, 0.00),
('denabank', 105.00, 0, 0.00, 0.00, 0, 0.00, 0.00),
('educomp', 772.82, 0, 0.00, 0.00, 0, 0.00, 0.00),
('hdfc', 1840.00, 0, 0.00, 0.00, 0, 0.00, 0.00),
('icici', 913.00, 0, 0.00, 0.00, 0, 0.00, 0.00),
('infosys', 2340.00, 0, 0.00, 0.00, 0, 0.00, 0.00),
('larsen', 1690.00, 0, 0.00, 0.00, 0, 0.00, 0.00),
('ongc', 1100.00, 0, 0.00, 0.00, 0, 0.00, 0.00),
('oraclefinance', 2100.00, 0, 0.00, 0.00, 0, 0.00, 0.00),
('relcapital', 970.00, 0, 0.00, 0.00, 0, 0.00, 0.00),
('relinfra', 1050.00, 0, 0.00, 0.00, 0, 0.00, 0.00),
('relpower', 170.00, 0, 0.00, 0.00, 0, 0.00, 0.00),
('satyam', 36.00, 0, 0.00, 0.00, 0, 0.00, 0.00),
('sbi', 2420.00, 0, 0.00, 0.00, 0, 0.00, 0.00),
('tatastl', 580.00, 0, 0.00, 0.00, 0, 0.00, 0.00),
('tcs', 721.00, 0, 0.00, 0.00, 0, 0.00, 0.00),
('ultratech', 805.00, 0, 0.00, 0.00, 0, 0.00, 0.00),
('wipro', 825.00, 0, 0.00, 0.00, 0, 0.00, 0.00),
('axisbank', 1408.05, 0, 0.00, 0.00, 0, 0.00, 0.00),
('bajajauto', 1700.00, 0, 0.00, 0.00, 0, 0.00, 0.00),
('bhartiairtel', 390.00, 0, 0.00, 0.00, 0, 0.00, 0.00),
('denabank', 105.00, 0, 0.00, 0.00, 0, 0.00, 0.00),
('educomp', 772.82, 0, 0.00, 0.00, 0, 0.00, 0.00),
('hdfc', 1840.00, 0, 0.00, 0.00, 0, 0.00, 0.00),
('icici', 913.00, 0, 0.00, 0.00, 0, 0.00, 0.00),
('infosys', 2340.00, 0, 0.00, 0.00, 0, 0.00, 0.00),
('larsen', 1690.00, 0, 0.00, 0.00, 0, 0.00, 0.00),
('ongc', 1100.00, 0, 0.00, 0.00, 0, 0.00, 0.00),
('oraclefinance', 2100.00, 0, 0.00, 0.00, 0, 0.00, 0.00),
('relcapital', 970.00, 0, 0.00, 0.00, 0, 0.00, 0.00),
('relinfra', 1050.00, 0, 0.00, 0.00, 0, 0.00, 0.00),
('relpower', 170.00, 0, 0.00, 0.00, 0, 0.00, 0.00),
('satyam', 36.00, 0, 0.00, 0.00, 0, 0.00, 0.00),
('sbi', 2420.00, 0, 0.00, 0.00, 0, 0.00, 0.00),
('tatastl', 580.00, 0, 0.00, 0.00, 0, 0.00, 0.00),
('tcs', 721.00, 0, 0.00, 0.00, 0, 0.00, 0.00),
('ultratech', 805.00, 0, 0.00, 0.00, 0, 0.00, 0.00),
('wipro', 825.00, 0, 0.00, 0.00, 0, 0.00, 0.00);

-- --------------------------------------------------------

--
-- Table structure for table `main_stock`
--

CREATE TABLE IF NOT EXISTS `main_stock` (
  `player` varchar(100) NOT NULL,
  `part_no` int(10) NOT NULL AUTO_INCREMENT,
  `stock` double(255,2) NOT NULL DEFAULT '1000000.00',
  `axisbank` int(255) NOT NULL DEFAULT '0',
  `bajajauto` int(255) NOT NULL DEFAULT '0',
  `bhartiairtel` int(255) NOT NULL DEFAULT '0',
  `denabank` int(255) NOT NULL DEFAULT '0',
  `educomp` int(255) NOT NULL DEFAULT '0',
  `hdfc` int(255) NOT NULL DEFAULT '0',
  `icici` int(255) NOT NULL DEFAULT '0',
  `infosys` int(255) NOT NULL DEFAULT '0',
  `larsen` int(255) NOT NULL DEFAULT '0',
  `ongc` int(255) NOT NULL DEFAULT '0',
  `oraclefinance` int(255) NOT NULL DEFAULT '0',
  `relcapital` int(255) NOT NULL DEFAULT '0',
  `relinfra` int(255) NOT NULL DEFAULT '0',
  `relpower` int(255) NOT NULL DEFAULT '0',
  `satyam` int(255) NOT NULL DEFAULT '0',
  `sbi` int(255) NOT NULL DEFAULT '0',
  `tatastl` int(255) NOT NULL DEFAULT '0',
  `tcs` int(255) NOT NULL DEFAULT '0',
  `ultratech` int(255) NOT NULL DEFAULT '0',
  `wipro` int(255) NOT NULL DEFAULT '0',
  `broker_status` int(20) NOT NULL DEFAULT '0',
  `quiz_status` int(20) NOT NULL DEFAULT '1',
  `result` varchar(255) NOT NULL DEFAULT '0',
  `time` int(255) NOT NULL DEFAULT '0',
  `temp_stock` double(255,0) NOT NULL DEFAULT '0',
  `name` varchar(100) NOT NULL,
  `password` varchar(100) NOT NULL,
  PRIMARY KEY (`part_no`)
) ENGINE=MyISAM  DEFAULT CHARSET=latin1 AUTO_INCREMENT=165 ;

--
-- Dumping data for table `main_stock`
--

INSERT INTO `main_stock` (`player`, `part_no`, `stock`, `axisbank`, `bajajauto`, `bhartiairtel`, `denabank`, `educomp`, `hdfc`, `icici`, `infosys`, `larsen`, `ongc`, `oraclefinance`, `relcapital`, `relinfra`, `relpower`, `satyam`, `sbi`, `tatastl`, `tcs`, `ultratech`, `wipro`, `broker_status`, `quiz_status`, `result`, `time`, `temp_stock`, `name`, `password`) VALUES
('9429857798', 2, 1000000.00, 0, 0, 0, 0, 0, 0, 0, 0, 0, 0, 0, 0, 0, 0, 0, 0, 0, 0, 0, 0, 0, 1, '0', 0, 0, 'Keval', '9429857798'),
('7405100015', 3, 1000000.00, 0, 0, 0, 0, 0, 0, 0, 0, 0, 0, 0, 0, 0, 0, 0, 0, 0, 0, 0, 0, 0, 1, '0', 0, 0, 'Nihal', '7405100015'),
('9714359399', 4, 1000000.00, 0, 0, 0, 0, 0, 0, 0, 0, 0, 0, 0, 0, 0, 0, 0, 0, 0, 0, 0, 0, 0, 1, '0', 0, 0, 'Vishal', '9714359399'),
('9824843331', 5, 1000000.00, 0, 0, 0, 0, 0, 0, 0, 0, 0, 0, 0, 0, 0, 0, 0, 0, 0, 0, 0, 0, 0, 1, '0', 0, 0, 'Saharsh', '9824843331'),
('8238248498', 6, 1000000.00, 0, 0, 0, 0, 0, 0, 0, 0, 0, 0, 0, 0, 0, 0, 0, 0, 0, 0, 0, 0, 0, 1, '0', 0, 0, 'Sachin', '8238248498'),
('9426436142', 7, 1000000.00, 0, 0, 0, 0, 0, 0, 0, 0, 0, 0, 0, 0, 0, 0, 0, 0, 0, 0, 0, 0, 0, 1, '0', 0, 0, 'Rohan', '9426436142'),
('9904708489', 8, 1000000.00, 0, 0, 0, 0, 0, 0, 0, 0, 0, 0, 0, 0, 0, 0, 0, 0, 0, 0, 0, 0, 0, 1, '0', 0, 0, 'Jay', '9904708489'),
('9408887834', 9, 1000000.00, 0, 0, 0, 0, 0, 0, 0, 0, 0, 0, 0, 0, 0, 0, 0, 0, 0, 0, 0, 0, 0, 1, '0', 0, 0, 'rahul', '9408887834'),
('8347431763', 10, 1000000.00, 0, 0, 0, 0, 0, 0, 0, 0, 0, 0, 0, 0, 0, 0, 0, 0, 0, 0, 0, 0, 0, 1, '0', 0, 0, 'Mudit', '8347431763'),
('9601914984', 11, 1000000.00, 0, 0, 0, 0, 0, 0, 0, 0, 0, 0, 0, 0, 0, 0, 0, 0, 0, 0, 0, 0, 0, 1, '0', 0, 0, 'vivek', '9601914984'),
('8460201066', 12, 1000000.00, 0, 0, 0, 0, 0, 0, 0, 0, 0, 0, 0, 0, 0, 0, 0, 0, 0, 0, 0, 0, 0, 1, '0', 0, 0, 'Manan', '8460201066'),
('7874008657', 13, 1000000.00, 0, 0, 0, 0, 0, 0, 0, 0, 0, 0, 0, 0, 0, 0, 0, 0, 0, 0, 0, 0, 0, 1, '0', 0, 0, 'chintansinh', '7874008657'),
('9586875946', 14, 1000000.00, 0, 0, 0, 0, 0, 0, 0, 0, 0, 0, 0, 0, 0, 0, 0, 0, 0, 0, 0, 0, 0, 1, '0', 0, 0, 'rajesh', '9586875946'),
('8511190726', 15, 1000000.00, 0, 0, 0, 0, 0, 0, 0, 0, 0, 0, 0, 0, 0, 0, 0, 0, 0, 0, 0, 0, 0, 1, '0', 0, 0, 'parth', '8511190726'),
('9724397402', 16, 1000000.00, 0, 0, 0, 0, 0, 0, 0, 0, 0, 0, 0, 0, 0, 0, 0, 0, 0, 0, 0, 0, 0, 1, '0', 0, 0, 'himanshu', '9724397402'),
('7600687989', 17, 1000000.00, 0, 0, 0, 0, 0, 0, 0, 0, 0, 0, 0, 0, 0, 0, 0, 0, 0, 0, 0, 0, 0, 1, '0', 0, 0, 'neeraj', '7600687989'),
('8000883256', 18, 1000000.00, 0, 0, 0, 0, 0, 0, 0, 0, 0, 0, 0, 0, 0, 0, 0, 0, 0, 0, 0, 0, 0, 1, '0', 0, 0, 'Neel', '8000883256'),
('8690916866', 19, 1000000.00, 0, 0, 0, 0, 0, 0, 0, 0, 0, 0, 0, 0, 0, 0, 0, 0, 0, 0, 0, 0, 0, 1, '0', 0, 0, 'kartik', '8690916866'),
('9429783535', 20, 1000000.00, 0, 0, 0, 0, 0, 0, 0, 0, 0, 0, 0, 0, 0, 0, 0, 0, 0, 0, 0, 0, 0, 1, '0', 0, 0, 'vraj', '9429783535'),
('9408503852', 21, 1000000.00, 0, 0, 0, 0, 0, 0, 0, 0, 0, 0, 0, 0, 0, 0, 0, 0, 0, 0, 0, 0, 0, 1, '0', 0, 0, 'husain', '9408503852'),
('8734095384', 22, 1000000.00, 0, 0, 0, 0, 0, 0, 0, 0, 0, 0, 0, 0, 0, 0, 0, 0, 0, 0, 0, 0, 0, 1, '0', 0, 0, 'karan', '8734095384'),
('9737627840', 23, 1000000.00, 0, 0, 0, 0, 0, 0, 0, 0, 0, 0, 0, 0, 0, 0, 0, 0, 0, 0, 0, 0, 0, 1, '0', 0, 0, 'Subham', '9737627840'),
('9714413435', 24, 1000000.00, 0, 0, 0, 0, 0, 0, 0, 0, 0, 0, 0, 0, 0, 0, 0, 0, 0, 0, 0, 0, 0, 1, '0', 0, 0, 'darshan', '9714413435'),
('8758471704', 25, 1000000.00, 0, 0, 0, 0, 0, 0, 0, 0, 0, 0, 0, 0, 0, 0, 0, 0, 0, 0, 0, 0, 0, 1, '0', 0, 0, 'bhavya', '8758471704'),
('9099349359', 26, 1000000.00, 0, 0, 0, 0, 0, 0, 0, 0, 0, 0, 0, 0, 0, 0, 0, 0, 0, 0, 0, 0, 0, 1, '0', 0, 0, 'Keyur', '9099349359'),
('8140366756', 27, 1000000.00, 0, 0, 0, 0, 0, 0, 0, 0, 0, 0, 0, 0, 0, 0, 0, 0, 0, 0, 0, 0, 0, 1, '0', 0, 0, 'abhishek', '8140366756'),
('8460034436', 28, 1000000.00, 0, 0, 0, 0, 0, 0, 0, 0, 0, 0, 0, 0, 0, 0, 0, 0, 0, 0, 0, 0, 0, 1, '0', 0, 0, 'harshil', '8460034436'),
('7698151541', 29, 1000000.00, 0, 0, 0, 0, 0, 0, 0, 0, 0, 0, 0, 0, 0, 0, 0, 0, 0, 0, 0, 0, 0, 1, '0', 0, 0, 'Hardik', '7698151541'),
('7405198685', 30, 1000000.00, 0, 0, 0, 0, 0, 0, 0, 0, 0, 0, 0, 0, 0, 0, 0, 0, 0, 0, 0, 0, 0, 1, '0', 0, 0, 'aatman', '7405198685'),
('8460917400', 31, 1000000.00, 0, 0, 0, 0, 0, 0, 0, 0, 0, 0, 0, 0, 0, 0, 0, 0, 0, 0, 0, 0, 0, 1, '0', 0, 0, 'premal', '8460917400'),
('9067451846', 32, 1000000.00, 0, 0, 0, 0, 0, 0, 0, 0, 0, 0, 0, 0, 0, 0, 0, 0, 0, 0, 0, 0, 0, 1, '0', 0, 0, 'Uday', '9067451846'),
('7405569313', 33, 1000000.00, 0, 0, 0, 0, 0, 0, 0, 0, 0, 0, 0, 0, 0, 0, 0, 0, 0, 0, 0, 0, 0, 1, '0', 0, 0, 'Jay', '7405569313'),
('9924623542', 34, 1000000.00, 0, 0, 0, 0, 0, 0, 0, 0, 0, 0, 0, 0, 0, 0, 0, 0, 0, 0, 0, 0, 0, 1, '0', 0, 0, 'Vatsal', '9924623542'),
('7698967522', 35, 1000000.00, 0, 0, 0, 0, 0, 0, 0, 0, 0, 0, 0, 0, 0, 0, 0, 0, 0, 0, 0, 0, 0, 1, '0', 0, 0, 'Harsh', '7698967522'),
('9428855204', 36, 1000000.00, 0, 0, 0, 0, 0, 0, 0, 0, 0, 0, 0, 0, 0, 0, 0, 0, 0, 0, 0, 0, 0, 1, '0', 0, 0, 'Parth', '9428855204'),
('8154080705', 37, 1000000.00, 0, 0, 0, 0, 0, 0, 0, 0, 0, 0, 0, 0, 0, 0, 0, 0, 0, 0, 0, 0, 0, 1, '0', 0, 0, 'Harsh', '8154080705'),
('7698489769', 38, 1000000.00, 0, 0, 0, 0, 0, 0, 0, 0, 0, 0, 0, 0, 0, 0, 0, 0, 0, 0, 0, 0, 0, 1, '0', 0, 0, 'Jay', '7698489769'),
('9427929518', 39, 1000000.00, 0, 0, 0, 0, 0, 0, 0, 0, 0, 0, 0, 0, 0, 0, 0, 0, 0, 0, 0, 0, 0, 1, '0', 0, 0, 'Abhijeet', '9427929518'),
('9512145720', 40, 1000000.00, 0, 0, 0, 0, 0, 0, 0, 0, 0, 0, 0, 0, 0, 0, 0, 0, 0, 0, 0, 0, 0, 1, '0', 0, 0, 'Khushal', '9512145720'),
('8866406318', 41, 1000000.00, 0, 0, 0, 0, 0, 0, 0, 0, 0, 0, 0, 0, 0, 0, 0, 0, 0, 0, 0, 0, 0, 1, '0', 0, 0, 'Piyush', '8866406318'),
('9974575753', 42, 1000000.00, 0, 0, 0, 0, 0, 0, 0, 0, 0, 0, 0, 0, 0, 0, 0, 0, 0, 0, 0, 0, 0, 1, '0', 0, 0, 'Shivam', '9974575753'),
('9574175176', 43, 1000000.00, 0, 0, 0, 0, 0, 0, 0, 0, 0, 0, 0, 0, 0, 0, 0, 0, 0, 0, 0, 0, 0, 1, '0', 0, 0, 'Hiren', '9574175176'),
('7600052821', 44, 1000000.00, 0, 0, 0, 0, 0, 0, 0, 0, 0, 0, 0, 0, 0, 0, 0, 0, 0, 0, 0, 0, 0, 1, '0', 0, 0, 'Arjun', '7600052821'),
('9429644968', 45, 1000000.00, 0, 0, 0, 0, 0, 0, 0, 0, 0, 0, 0, 0, 0, 0, 0, 0, 0, 0, 0, 0, 0, 1, '0', 0, 0, 'Pritam', '9429644968'),
('9723538010', 46, 1000000.00, 0, 0, 0, 0, 0, 0, 0, 0, 0, 0, 0, 0, 0, 0, 0, 0, 0, 0, 0, 0, 0, 1, '0', 0, 0, 'Gopal', '9723538010'),
('9898069821', 47, 1000000.00, 0, 0, 0, 0, 0, 0, 0, 0, 0, 0, 0, 0, 0, 0, 0, 0, 0, 0, 0, 0, 0, 1, '0', 0, 0, 'Parag', '9898069821'),
('7228846493', 48, 1000000.00, 0, 0, 0, 0, 0, 0, 0, 0, 0, 0, 0, 0, 0, 0, 0, 0, 0, 0, 0, 0, 0, 1, '0', 0, 0, 'Prakash Vekariya', '7228846493'),
('9429513666', 49, 1000000.00, 0, 0, 0, 0, 0, 0, 0, 0, 0, 0, 0, 0, 0, 0, 0, 0, 0, 0, 0, 0, 0, 1, '0', 0, 0, 'Arjun', '9429513666'),
('9904212227', 50, 1000000.00, 0, 0, 0, 0, 0, 0, 0, 0, 0, 0, 0, 0, 0, 0, 0, 0, 0, 0, 0, 0, 0, 1, '0', 0, 0, 'Anil Chavda', '9904212227'),
('9724745510', 51, 1000000.00, 0, 0, 0, 0, 0, 0, 0, 0, 0, 0, 0, 0, 0, 0, 0, 0, 0, 0, 0, 0, 0, 1, '0', 0, 0, 'Charmin', '9724745510'),
('9586145122', 52, 1000000.00, 0, 0, 0, 0, 0, 0, 0, 0, 0, 0, 0, 0, 0, 0, 0, 0, 0, 0, 0, 0, 0, 1, '0', 0, 0, 'Kishan', '9586145122'),
('9909277177', 53, 1000000.00, 0, 0, 0, 0, 0, 0, 0, 0, 0, 0, 0, 0, 0, 0, 0, 0, 0, 0, 0, 0, 0, 1, '0', 0, 0, 'Neel', '9909277177'),
('7226977111', 54, 1000000.00, 0, 0, 0, 0, 0, 0, 0, 0, 0, 0, 0, 0, 0, 0, 0, 0, 0, 0, 0, 0, 0, 1, '0', 0, 0, 'Vishv Gohel', '7226977111'),
('9427430376', 55, 1000000.00, 0, 0, 0, 0, 0, 0, 0, 0, 0, 0, 0, 0, 0, 0, 0, 0, 0, 0, 0, 0, 0, 1, '0', 0, 0, 'Bhavya', '9427430376'),
('9924066907', 56, 1000000.00, 0, 0, 0, 0, 0, 0, 0, 0, 0, 0, 0, 0, 0, 0, 0, 0, 0, 0, 0, 0, 0, 1, '0', 0, 0, 'Dhruv Patel', '9924066907'),
('8140628226', 57, 1000000.00, 0, 0, 0, 0, 0, 0, 0, 0, 0, 0, 0, 0, 0, 0, 0, 0, 0, 0, 0, 0, 0, 1, '0', 0, 0, 'Akansha', '8140628226'),
('9427151809', 58, 1000000.00, 0, 0, 0, 0, 0, 0, 0, 0, 0, 0, 0, 0, 0, 0, 0, 0, 0, 0, 0, 0, 0, 1, '0', 0, 0, 'Vasawa Akshay', '9427151809'),
('7874940106', 59, 1000000.00, 0, 0, 0, 0, 0, 0, 0, 0, 0, 0, 0, 0, 0, 0, 0, 0, 0, 0, 0, 0, 0, 1, '0', 0, 0, 'Vishwa', '7874940106'),
('7405112685', 60, 1000000.00, 0, 0, 0, 0, 0, 0, 0, 0, 0, 0, 0, 0, 0, 0, 0, 0, 0, 0, 0, 0, 0, 1, '0', 0, 0, 'Rejoice', '7405112685'),
('9909331013', 61, 1000000.00, 0, 0, 0, 0, 0, 0, 0, 0, 0, 0, 0, 0, 0, 0, 0, 0, 0, 0, 0, 0, 0, 1, '0', 0, 0, 'Solanki Divyaraj', '9909331013'),
('8866725593', 62, 1000000.00, 0, 0, 0, 0, 0, 0, 0, 0, 0, 0, 0, 0, 0, 0, 0, 0, 0, 0, 0, 0, 0, 1, '0', 0, 0, 'Rajvi', '8866725593'),
('7567157673', 63, 1000000.00, 0, 0, 0, 0, 0, 0, 0, 0, 0, 0, 0, 0, 0, 0, 0, 0, 0, 0, 0, 0, 0, 1, '0', 0, 0, 'Gajera', '7567157673'),
('8758023744', 64, 1000000.00, 0, 0, 0, 0, 0, 0, 0, 0, 0, 0, 0, 0, 0, 0, 0, 0, 0, 0, 0, 0, 0, 1, '0', 0, 0, 'Urmi Vagadia', '8758023744'),
('9054311103', 65, 1000000.00, 0, 0, 0, 0, 0, 0, 0, 0, 0, 0, 0, 0, 0, 0, 0, 0, 0, 0, 0, 0, 0, 1, '0', 0, 0, 'Vishal', '9054311103'),
('9725542808', 66, 1000000.00, 0, 0, 0, 0, 0, 0, 0, 0, 0, 0, 0, 0, 0, 0, 0, 0, 0, 0, 0, 0, 0, 1, '0', 0, 0, 'Karan Patel', '9725542808'),
('8460650674', 67, 1000000.00, 0, 0, 0, 0, 0, 0, 0, 0, 0, 0, 0, 0, 0, 0, 0, 0, 0, 0, 0, 0, 0, 1, '0', 0, 0, 'Yash Ghetiya', '8460650674'),
('9409578771', 68, 1000000.00, 0, 0, 0, 0, 0, 0, 0, 0, 0, 0, 0, 0, 0, 0, 0, 0, 0, 0, 0, 0, 0, 1, '0', 0, 0, 'Kishan Joshi', '9409578771'),
('9712025735', 69, 1000000.00, 0, 0, 0, 0, 0, 0, 0, 0, 0, 0, 0, 0, 0, 0, 0, 0, 0, 0, 0, 0, 0, 1, '0', 0, 0, 'Karan', '9712025735'),
('9904202108', 70, 1000000.00, 0, 0, 0, 0, 0, 0, 0, 0, 0, 0, 0, 0, 0, 0, 0, 0, 0, 0, 0, 0, 0, 1, '0', 0, 0, 'Maulik', '9904202108'),
('7405707974', 71, 1000000.00, 0, 0, 0, 0, 0, 0, 0, 0, 0, 0, 0, 0, 0, 0, 0, 0, 0, 0, 0, 0, 0, 1, '0', 0, 0, 'Harshil', '7405707974'),
('7698967592', 72, 1000000.00, 0, 0, 0, 0, 0, 0, 0, 0, 0, 0, 0, 0, 0, 0, 0, 0, 0, 0, 0, 0, 0, 1, '0', 0, 0, 'Urmin', '7698967592'),
('9725707020', 73, 1000000.00, 0, 0, 0, 0, 0, 0, 0, 0, 0, 0, 0, 0, 0, 0, 0, 0, 0, 0, 0, 0, 0, 1, '0', 0, 0, 'Kevin ', '9725707020'),
('8866051885', 74, 1000000.00, 0, 0, 0, 0, 0, 0, 0, 0, 0, 0, 0, 0, 0, 0, 0, 0, 0, 0, 0, 0, 0, 1, '0', 0, 0, 'Dipak Makwana', '8866051885'),
('7405437639', 75, 1000000.00, 0, 0, 0, 0, 0, 0, 0, 0, 0, 0, 0, 0, 0, 0, 0, 0, 0, 0, 0, 0, 0, 1, '0', 0, 0, 'Harshil', '7405437639'),
('7698967592', 76, 1000000.00, 0, 0, 0, 0, 0, 0, 0, 0, 0, 0, 0, 0, 0, 0, 0, 0, 0, 0, 0, 0, 0, 1, '0', 0, 0, 'Denish', '7698967592'),
('7046521242', 77, 1000000.00, 0, 0, 0, 0, 0, 0, 0, 0, 0, 0, 0, 0, 0, 0, 0, 0, 0, 0, 0, 0, 0, 1, '0', 0, 0, 'Prem Parmar', '7046521242'),
('7069307537', 78, 1000000.00, 0, 0, 0, 0, 0, 0, 0, 0, 0, 0, 0, 0, 0, 0, 0, 0, 0, 0, 0, 0, 0, 1, '0', 0, 0, 'Rushi', '7069307537'),
('9512506340', 79, 1000000.00, 0, 0, 0, 0, 0, 0, 0, 0, 0, 0, 0, 0, 0, 0, 0, 0, 0, 0, 0, 0, 0, 1, '0', 0, 0, 'Mohit ', '9512506340'),
('9601287414', 80, 1000000.00, 0, 0, 0, 0, 0, 0, 0, 0, 0, 0, 0, 0, 0, 0, 0, 0, 0, 0, 0, 0, 0, 1, '0', 0, 0, 'Dhruv', '9601287414'),
('9428393388', 81, 1000000.00, 0, 0, 0, 0, 0, 0, 0, 0, 0, 0, 0, 0, 0, 0, 0, 0, 0, 0, 0, 0, 0, 1, '0', 0, 0, 'Jinay', '9428393388'),
('8866333645', 82, 1000000.00, 0, 0, 0, 0, 0, 0, 0, 0, 0, 0, 0, 0, 0, 0, 0, 0, 0, 0, 0, 0, 0, 1, '0', 0, 0, 'Vraj Shah', '8866333645'),
('9408591159', 83, 1000000.00, 0, 0, 0, 0, 0, 0, 0, 0, 0, 0, 0, 0, 0, 0, 0, 0, 0, 0, 0, 0, 0, 1, '0', 0, 0, 'Nirali', '9408591159'),
('7405069859', 84, 1000000.00, 0, 0, 0, 0, 0, 0, 0, 0, 0, 0, 0, 0, 0, 0, 0, 0, 0, 0, 0, 0, 0, 1, '0', 0, 0, 'Ashish Arora', '7405069859'),
('9408252450', 85, 1000000.00, 0, 0, 0, 0, 0, 0, 0, 0, 0, 0, 0, 0, 0, 0, 0, 0, 0, 0, 0, 0, 0, 1, '0', 0, 0, 'Keval', '9408252450'),
('9638812784', 86, 1000000.00, 0, 0, 0, 0, 0, 0, 0, 0, 0, 0, 0, 0, 0, 0, 0, 0, 0, 0, 0, 0, 0, 1, '0', 0, 0, 'Parth', '9638812784'),
('9426074356', 87, 1000000.00, 0, 0, 0, 0, 0, 0, 0, 0, 0, 0, 0, 0, 0, 0, 0, 0, 0, 0, 0, 0, 0, 1, '0', 0, 0, 'Jainam Shah', '9426074356'),
('7698967592', 88, 1000000.00, 0, 0, 0, 0, 0, 0, 0, 0, 0, 0, 0, 0, 0, 0, 0, 0, 0, 0, 0, 0, 0, 1, '0', 0, 0, 'Ankit', '7698967592'),
('7698967592', 89, 1000000.00, 0, 0, 0, 0, 0, 0, 0, 0, 0, 0, 0, 0, 0, 0, 0, 0, 0, 0, 0, 0, 0, 1, '0', 0, 0, 'Abhijeet', '7698967592'),
('7575017521', 90, 1000000.00, 0, 0, 0, 0, 0, 0, 0, 0, 0, 0, 0, 0, 0, 0, 0, 0, 0, 0, 0, 0, 0, 1, '0', 0, 0, 'Dhameliya Parth', '7575017521'),
('7405080773', 91, 1000000.00, 0, 0, 0, 0, 0, 0, 0, 0, 0, 0, 0, 0, 0, 0, 0, 0, 0, 0, 0, 0, 0, 1, '0', 0, 0, 'Yash', '7405080773'),
('9033442729', 92, 1000000.00, 0, 0, 0, 0, 0, 0, 0, 0, 0, 0, 0, 0, 0, 0, 0, 0, 0, 0, 0, 0, 0, 1, '0', 0, 0, 'Brijesh', '9033442729'),
('8460408214', 93, 1000000.00, 0, 0, 0, 0, 0, 0, 0, 0, 0, 0, 0, 0, 0, 0, 0, 0, 0, 0, 0, 0, 0, 1, '0', 0, 0, 'Neeldeep ', '8460408214'),
('9879149601', 94, 1000000.00, 0, 0, 0, 0, 0, 0, 0, 0, 0, 0, 0, 0, 0, 0, 0, 0, 0, 0, 0, 0, 0, 1, '0', 0, 0, 'Devansh Mystry', '9879149601'),
('7202060693', 95, 1000000.00, 0, 0, 0, 0, 0, 0, 0, 0, 0, 0, 0, 0, 0, 0, 0, 0, 0, 0, 0, 0, 0, 1, '0', 0, 0, 'Yogin', '7202060693'),
('9409488005', 96, 1000000.00, 0, 0, 0, 0, 0, 0, 0, 0, 0, 0, 0, 0, 0, 0, 0, 0, 0, 0, 0, 0, 0, 1, '0', 0, 0, 'Mohit Jyani', '9409488005'),
('9904212227', 97, 1000000.00, 0, 0, 0, 0, 0, 0, 0, 0, 0, 0, 0, 0, 0, 0, 0, 0, 0, 0, 0, 0, 0, 1, '0', 0, 0, 'Anil', '9904212227'),
('7226977111', 98, 1000000.00, 0, 0, 0, 0, 0, 0, 0, 0, 0, 0, 0, 0, 0, 0, 0, 0, 0, 0, 0, 0, 0, 1, '0', 0, 0, 'Vishv Gohel', '7226977111'),
('8980777997', 99, 1000000.00, 0, 0, 0, 0, 0, 0, 0, 0, 0, 0, 0, 0, 0, 0, 0, 0, 0, 0, 0, 0, 0, 1, '0', 0, 0, 'Bhagirath', '8980777997'),
('9426516735', 100, 1000000.00, 0, 0, 0, 0, 0, 0, 0, 0, 0, 0, 0, 0, 0, 0, 0, 0, 0, 0, 0, 0, 0, 1, '0', 0, 0, 'Hardik', '9426516735'),
('7874554489', 101, 1000000.00, 0, 0, 0, 0, 0, 0, 0, 0, 0, 0, 0, 0, 0, 0, 0, 0, 0, 0, 0, 0, 0, 1, '0', 0, 0, 'Rohan Shiyani', '7874554489'),
('9067696806', 102, 1000000.00, 0, 0, 0, 0, 0, 0, 0, 0, 0, 0, 0, 0, 0, 0, 0, 0, 0, 0, 0, 0, 0, 1, '0', 0, 0, 'Montu', '9067696806'),
('9426070997', 103, 1000000.00, 0, 0, 0, 0, 0, 0, 0, 0, 0, 0, 0, 0, 0, 0, 0, 0, 0, 0, 0, 0, 0, 1, '0', 0, 0, 'Shah Drumil', '9426070997'),
('9408517121', 104, 1000000.00, 0, 0, 0, 0, 0, 0, 0, 0, 0, 0, 0, 0, 0, 0, 0, 0, 0, 0, 0, 0, 0, 1, '0', 0, 0, 'Aashish Joshi', '9408517121'),
('9586525305', 105, 1000000.00, 0, 0, 0, 0, 0, 0, 0, 0, 0, 0, 0, 0, 0, 0, 0, 0, 0, 0, 0, 0, 0, 1, '0', 0, 0, 'Pratik Surani', '9586525305'),
('9714930760', 106, 1000000.00, 0, 0, 0, 0, 0, 0, 0, 0, 0, 0, 0, 0, 0, 0, 0, 0, 0, 0, 0, 0, 0, 1, '0', 0, 0, 'Nayan', '9714930760'),
('7600054098', 107, 1000000.00, 0, 0, 0, 0, 0, 0, 0, 0, 0, 0, 0, 0, 0, 0, 0, 0, 0, 0, 0, 0, 0, 1, '0', 0, 0, 'Abhishek', '7600054098'),
('7048887441', 108, 1000000.00, 0, 0, 0, 0, 0, 0, 0, 0, 0, 0, 0, 0, 0, 0, 0, 0, 0, 0, 0, 0, 0, 1, '0', 0, 0, 'Romi Kukadiya', '7048887441'),
('8460702452', 109, 1000000.00, 0, 0, 0, 0, 0, 0, 0, 0, 0, 0, 0, 0, 0, 0, 0, 0, 0, 0, 0, 0, 0, 1, '0', 0, 0, 'Khilan Pandya', '8460702452'),
('9722505222', 110, 1000000.00, 0, 0, 0, 0, 0, 0, 0, 0, 0, 0, 0, 0, 0, 0, 0, 0, 0, 0, 0, 0, 0, 1, '0', 0, 0, 'Tejas', '9722505222'),
('9409014638', 111, 1000000.00, 0, 0, 0, 0, 0, 0, 0, 0, 0, 0, 0, 0, 0, 0, 0, 0, 0, 0, 0, 0, 0, 1, '0', 0, 0, 'Prince Khundhediya', '9409014638'),
('8460172318', 112, 1000000.00, 0, 0, 0, 0, 0, 0, 0, 0, 0, 0, 0, 0, 0, 0, 0, 0, 0, 0, 0, 0, 0, 1, '0', 0, 0, 'Prince Doshi', '8460172318'),
('8469673399', 113, 1000000.00, 0, 0, 0, 0, 0, 0, 0, 0, 0, 0, 0, 0, 0, 0, 0, 0, 0, 0, 0, 0, 0, 1, '0', 0, 0, 'Saumil Patel', '8469673399'),
('8347600770', 114, 1000000.00, 0, 0, 0, 0, 0, 0, 0, 0, 0, 0, 0, 0, 0, 0, 0, 0, 0, 0, 0, 0, 0, 1, '0', 0, 0, 'Arth', '8347600770'),
('9898890474', 115, 1000000.00, 0, 0, 0, 0, 0, 0, 0, 0, 0, 0, 0, 0, 0, 0, 0, 0, 0, 0, 0, 0, 0, 1, '0', 0, 0, 'Inderveer Singh', '9898890474'),
('9638197218', 116, 1000000.00, 0, 0, 0, 0, 0, 0, 0, 0, 0, 0, 0, 0, 0, 0, 0, 0, 0, 0, 0, 0, 0, 1, '0', 0, 0, 'Madhav Dhruv', '9638197218'),
('7096493223', 117, 1000000.00, 0, 0, 0, 0, 0, 0, 0, 0, 0, 0, 0, 0, 0, 0, 0, 0, 0, 0, 0, 0, 0, 1, '0', 0, 0, 'Madhusudan', '7096493223'),
('9428293333', 118, 1000000.00, 0, 0, 0, 0, 0, 0, 0, 0, 0, 0, 0, 0, 0, 0, 0, 0, 0, 0, 0, 0, 0, 1, '0', 0, 0, 'Ashesh', '9428293333'),
('9067911924', 119, 1000000.00, 0, 0, 0, 0, 0, 0, 0, 0, 0, 0, 0, 0, 0, 0, 0, 0, 0, 0, 0, 0, 0, 1, '0', 0, 0, 'Darshan Bhatt', '9067911924'),
('8401064647', 120, 1000000.00, 0, 0, 0, 0, 0, 0, 0, 0, 0, 0, 0, 0, 0, 0, 0, 0, 0, 0, 0, 0, 0, 1, '0', 0, 0, 'Trushant Desai', '8401064647'),
('9974701604', 121, 1000000.00, 0, 0, 0, 0, 0, 0, 0, 0, 0, 0, 0, 0, 0, 0, 0, 0, 0, 0, 0, 0, 0, 1, '0', 0, 0, 'Soham Achary', '9974701604'),
('7698965592', 122, 1000000.00, 0, 0, 0, 0, 0, 0, 0, 0, 0, 0, 0, 0, 0, 0, 0, 0, 0, 0, 0, 0, 0, 1, '0', 0, 0, 'Satis Savani', '7698965592'),
('9429673656', 123, 1000000.00, 0, 0, 0, 0, 0, 0, 0, 0, 0, 0, 0, 0, 0, 0, 0, 0, 0, 0, 0, 0, 0, 1, '0', 0, 0, 'Parth Shah', '9429673656'),
('9687350604', 124, 1000000.00, 0, 0, 0, 0, 0, 0, 0, 0, 0, 0, 0, 0, 0, 0, 0, 0, 0, 0, 0, 0, 0, 1, '0', 0, 0, 'Deep Lakkad', '9687350604'),
('9426519090', 125, 1000000.00, 0, 0, 0, 0, 0, 0, 0, 0, 0, 0, 0, 0, 0, 0, 0, 0, 0, 0, 0, 0, 0, 1, '0', 0, 0, 'Shyam Rabadiya', '9426519090'),
('7698131882', 126, 1000000.00, 0, 0, 0, 0, 0, 0, 0, 0, 0, 0, 0, 0, 0, 0, 0, 0, 0, 0, 0, 0, 0, 1, '0', 0, 0, 'Aditya Danayak', '7698131882'),
('7698967592', 127, 1000000.00, 0, 0, 0, 0, 0, 0, 0, 0, 0, 0, 0, 0, 0, 0, 0, 0, 0, 0, 0, 0, 0, 1, '0', 0, 0, 'Sagar Sathariya', '7698967592'),
('7405542192', 128, 1000000.00, 0, 0, 0, 0, 0, 0, 0, 0, 0, 0, 0, 0, 0, 0, 0, 0, 0, 0, 0, 0, 0, 1, '0', 0, 0, 'Shubh', '7405542192'),
('9638624512', 129, 1000000.00, 0, 0, 0, 0, 0, 0, 0, 0, 0, 0, 0, 0, 0, 0, 0, 0, 0, 0, 0, 0, 0, 1, '0', 0, 0, 'Digvijay Gohil', '9638624512'),
('8866648905', 130, 1000000.00, 0, 0, 0, 0, 0, 0, 0, 0, 0, 0, 0, 0, 0, 0, 0, 0, 0, 0, 0, 0, 0, 1, '0', 0, 0, 'Swati Patel', '8866648905'),
('9723245473', 131, 1000000.00, 0, 0, 0, 0, 0, 0, 0, 0, 0, 0, 0, 0, 0, 0, 0, 0, 0, 0, 0, 0, 0, 1, '0', 0, 0, 'Raviraj Jaliya', '9723245473'),
('7567207096', 132, 1000000.00, 0, 0, 0, 0, 0, 0, 0, 0, 0, 0, 0, 0, 0, 0, 0, 0, 0, 0, 0, 0, 0, 1, '0', 0, 0, 'Pankaj Galathara', '7567207096'),
('9016717789', 133, 1000000.00, 0, 0, 0, 0, 0, 0, 0, 0, 0, 0, 0, 0, 0, 0, 0, 0, 0, 0, 0, 0, 0, 1, '0', 0, 0, 'Utkarsh Madhu', '9016717789'),
('9913269888', 134, 1000000.00, 0, 0, 0, 0, 0, 0, 0, 0, 0, 0, 0, 0, 0, 0, 0, 0, 0, 0, 0, 0, 0, 1, '0', 0, 0, 'Urmin Vegad', '9913269888'),
('9033753929', 135, 1000000.00, 0, 0, 0, 0, 0, 0, 0, 0, 0, 0, 0, 0, 0, 0, 0, 0, 0, 0, 0, 0, 0, 1, '0', 0, 0, 'Denish Hadiya', '9033753929'),
('7203077988', 136, 1000000.00, 0, 0, 0, 0, 0, 0, 0, 0, 0, 0, 0, 0, 0, 0, 0, 0, 0, 0, 0, 0, 0, 1, '0', 0, 0, 'Dhankecha Bhautik', '7203077988'),
('7405198685', 137, 1000000.00, 0, 0, 0, 0, 0, 0, 0, 0, 0, 0, 0, 0, 0, 0, 0, 0, 0, 0, 0, 0, 0, 1, '0', 0, 0, 'Jay Joshi', '7405198685'),
('9998166946', 138, 1000000.00, 0, 0, 0, 0, 0, 0, 0, 0, 0, 0, 0, 0, 0, 0, 0, 0, 0, 0, 0, 0, 0, 1, '0', 0, 0, 'Dhaeamendra Kariya', '9998166946'),
('9408662945', 139, 1000000.00, 0, 0, 0, 0, 0, 0, 0, 0, 0, 0, 0, 0, 0, 0, 0, 0, 0, 0, 0, 0, 0, 1, '0', 0, 0, 'Dhara Patel', '9408662945'),
('8866093093', 140, 1000000.00, 0, 0, 0, 0, 0, 0, 0, 0, 0, 0, 0, 0, 0, 0, 0, 0, 0, 0, 0, 0, 0, 1, '0', 0, 0, 'Abhishek Mehta', '8866093093'),
('9638609949', 141, 1000000.00, 0, 0, 0, 0, 0, 0, 0, 0, 0, 0, 0, 0, 0, 0, 0, 0, 0, 0, 0, 0, 0, 1, '0', 0, 0, 'Shreyansh Aghera', '9638609949'),
('9408662945', 142, 1000000.00, 0, 0, 0, 0, 0, 0, 0, 0, 0, 0, 0, 0, 0, 0, 0, 0, 0, 0, 0, 0, 0, 1, '0', 0, 0, 'Miloni Modi', '9408662945'),
('8758094471', 143, 1000000.00, 0, 0, 0, 0, 0, 0, 0, 0, 0, 0, 0, 0, 0, 0, 0, 0, 0, 0, 0, 0, 0, 1, '0', 0, 0, 'Kanji Dodiya', '8758094471'),
('9924578977', 144, 1000000.00, 0, 0, 0, 0, 0, 0, 0, 0, 0, 0, 0, 0, 0, 0, 0, 0, 0, 0, 0, 0, 0, 1, '0', 0, 0, 'Jenil Damani', '9924578977'),
('9998800751', 145, 1000000.00, 0, 0, 0, 0, 0, 0, 0, 0, 0, 0, 0, 0, 0, 0, 0, 0, 0, 0, 0, 0, 0, 1, '0', 0, 0, 'Sarveshwar Virojc', '9998800751'),
('9033104056', 146, 1000000.00, 0, 0, 0, 0, 0, 0, 0, 0, 0, 0, 0, 0, 0, 0, 0, 0, 0, 0, 0, 0, 0, 1, '0', 0, 0, 'Jay Vaghela', '9033104056'),
('9714986989', 147, 1000000.00, 0, 0, 0, 0, 0, 0, 0, 0, 0, 0, 0, 0, 0, 0, 0, 0, 0, 0, 0, 0, 0, 1, '0', 0, 0, 'Ranjit', '9714986989'),
('9033198158', 148, 1000000.00, 0, 0, 0, 0, 0, 0, 0, 0, 0, 0, 0, 0, 0, 0, 0, 0, 0, 0, 0, 0, 0, 1, '0', 0, 0, 'Choksi Parth', '9033198158'),
('9714986909', 149, 1000000.00, 0, 0, 0, 0, 0, 0, 0, 0, 0, 0, 0, 0, 0, 0, 0, 0, 0, 0, 0, 0, 0, 1, '0', 0, 0, 'Sudhir Dodiya', '9714986909'),
('8238476378', 150, 1000000.00, 0, 0, 0, 0, 0, 0, 0, 0, 0, 0, 0, 0, 0, 0, 0, 0, 0, 0, 0, 0, 0, 1, '0', 0, 0, 'Bhavesh Vada', '8238476378'),
('9978546020', 151, 1000000.00, 0, 0, 0, 0, 0, 0, 0, 0, 0, 0, 0, 0, 0, 0, 0, 0, 0, 0, 0, 0, 0, 1, '0', 0, 0, 'Bhavik', '9978546020'),
('9924730694', 152, 1000000.00, 0, 0, 0, 0, 0, 0, 0, 0, 0, 0, 0, 0, 0, 0, 0, 0, 0, 0, 0, 0, 0, 1, '0', 0, 0, 'Amit Kareliya', '9924730694'),
('7405633307', 153, 1000000.00, 0, 0, 0, 0, 0, 0, 0, 0, 0, 0, 0, 0, 0, 0, 0, 0, 0, 0, 0, 0, 0, 1, '0', 0, 0, 'dummy', '7405633307'),
('9033661622', 154, 1000000.00, 0, 0, 0, 0, 0, 0, 0, 0, 0, 0, 0, 0, 0, 0, 0, 0, 0, 0, 0, 0, 0, 1, '0', 0, 0, 'dummy', '9033661622'),
('9687181987', 155, 1000000.00, 0, 0, 0, 0, 0, 0, 0, 0, 0, 0, 0, 0, 0, 0, 0, 0, 0, 0, 0, 0, 0, 1, '0', 0, 0, 'arvin', '9687181987'),
('9714986909', 156, 1000000.00, 0, 0, 0, 0, 0, 0, 0, 0, 0, 0, 0, 0, 0, 0, 0, 0, 0, 0, 0, 0, 0, 1, '0', 0, 0, 'Pradeep', '9714986909'),
('7874508999', 157, 1000000.00, 0, 0, 0, 0, 0, 0, 0, 0, 0, 0, 0, 0, 0, 0, 0, 0, 0, 0, 0, 0, 0, 1, '0', 0, 0, 'Harshraj', '7874508999'),
('8905769129', 158, 1000000.00, 0, 0, 0, 0, 0, 0, 0, 0, 0, 0, 0, 0, 0, 0, 0, 0, 0, 0, 0, 0, 0, 1, '0', 0, 0, 'Raj Sherdiwala', '8905769129'),
('7383128506', 159, 1000000.00, 0, 0, 0, 0, 0, 0, 0, 0, 0, 0, 0, 0, 0, 0, 0, 0, 0, 0, 0, 0, 0, 1, '0', 0, 0, 'vishnu 1', '7383128506'),
('9722008285', 163, 1000000.00, 0, 0, 0, 0, 0, 0, 0, 0, 0, 0, 0, 0, 0, 0, 0, 0, 0, 0, 0, 0, 0, 1, '0', 0, 0, 'Akshay', '9722008285'),
('9428858204', 161, 1000000.00, 0, 0, 0, 0, 0, 0, 0, 0, 0, 0, 0, 0, 0, 0, 0, 0, 0, 0, 0, 0, 0, 1, '0', 0, 0, 'Teerth', '9428858204'),
('8866422695', 160, 1000000.00, 0, 0, 0, 0, 0, 0, 0, 0, 0, 0, 0, 0, 0, 0, 0, 0, 0, 0, 0, 0, 0, 1, '0', 0, 0, 'harsh', '8866422695'),
('9409370909', 162, 1000000.00, 0, 0, 0, 0, 0, 0, 0, 0, 0, 0, 0, 0, 0, 0, 0, 0, 0, 0, 0, 0, 0, 1, '0', 0, 0, 'keval', '9409370909'),
('8460682358', 164, 1000000.00, 0, 0, 0, 0, 0, 0, 0, 0, 0, 0, 0, 0, 0, 0, 0, 0, 0, 0, 0, 0, 0, 1, '0', 0, 0, 'Rohan', '8460682358');

-- --------------------------------------------------------

--
-- Table structure for table `news`
--

CREATE TABLE IF NOT EXISTS `news` (
  `name` varchar(10) NOT NULL,
  `news` varchar(1000) NOT NULL
) ENGINE=MyISAM DEFAULT CHARSET=latin1;

-- --------------------------------------------------------

--
-- Table structure for table `open_stock`
--

CREATE TABLE IF NOT EXISTS `open_stock` (
  `name` varchar(100) NOT NULL,
  `rate` float(100,2) NOT NULL DEFAULT '100.00',
  `share` int(100) NOT NULL DEFAULT '0'
) ENGINE=MyISAM DEFAULT CHARSET=latin1;

--
-- Dumping data for table `open_stock`
--

INSERT INTO `open_stock` (`name`, `rate`, `share`) VALUES
('wipro', 830.00, 100000),
('ultratech', 800.00, 100000),
('tcs', 720.00, 100000),
('tatastl', 600.00, 100000),
('sbi', 1400.00, 100000),
('satyam', 50.00, 100000),
('relpower', 170.00, 100000),
('relinfra', 1050.00, 100000),
('relcapital', 950.00, 100000),
('oraclefinance', 100.00, 100000),
('ongc', 1100.00, 100000),
('larsen', 1700.00, 100000),
('infosys', 2300.00, 100000),
('icici', 900.00, 100000),
('hdfc', 2000.00, 100000),
('educomp', 800.00, 100000),
('denabank', 100.00, 100000),
('bhartiairtel', 400.00, 100000),
('bajajauto', 1800.00, 100000),
('axisbank', 1500.00, 100000);

-- --------------------------------------------------------

--
-- Table structure for table `quiz_question`
--

CREATE TABLE IF NOT EXISTS `quiz_question` (
  `question_no` int(50) NOT NULL,
  `ans1` varchar(200) NOT NULL DEFAULT '0',
  `ans2` varchar(200) NOT NULL DEFAULT '0',
  `ans3` varchar(200) NOT NULL DEFAULT '0',
  `ans4` varchar(200) NOT NULL DEFAULT '0',
  `right_answer` varchar(255) NOT NULL DEFAULT '0',
  `question` varchar(255) NOT NULL,
  PRIMARY KEY (`question_no`)
) ENGINE=MyISAM DEFAULT CHARSET=latin1;

--
-- Dumping data for table `quiz_question`
--

INSERT INTO `quiz_question` (`question_no`, `ans1`, `ans2`, `ans3`, `ans4`, `right_answer`, `question`) VALUES
(1, '2764', '2756', '2766', '2754', '1', 'What is the no of listings on NYSE?'),
(2, 'NSE', 'NASDAQ', 'BSE', 'NYSE', '3', 'Which stock exchange has highest  no of listings?'),
(3, 'Team Health', 'AIG', 'Bank of America', 'Bank of New York', '4', 'Which was the first company listed on NYSE?'),
(4, 'BSE', 'NASDAQ', 'Shanghai Stock Exchange', 'London Stock Exchange', '2', 'The first electronic stock exchange was?'),
(5, 'Google', 'Yahoo', 'GM', 'Dell', '1', 'Highest price per share stock on NASDAQ?'),
(6, 'BSE commodity index', 'NSE Teck Index', 'BSE Teck Index', 'NSE commodity index', '3', 'The first free-float index in India?'),
(7, '50', '30', '40', '35', '2', 'No of stocks in BSE Index?'),
(8, 'about 30', 'about 25', 'about 40', 'about 50', '4', 'The companies of BSE account for what % market capitalization of the BSE?'),
(9, '0', '1', '100', '1000', '3', 'The base value of the sensex is?'),
(10, '1979-80', '1978-79', '1974-75', '1977-78', '2', 'The base year of BSE-SENSEX is?'),
(11, 'Base method', 'Absolute method', 'Free-float method', 'Profit method', '3', 'On what methodology is BSE Index calculated?'),
(12, 'October 29, 2007', 'November 10,2007', 'November 19,2007', 'September 19,2007', '1', 'When did the Sensex cross the 20,000 mark for the first time?'),
(13, '2007', '2006', '2008', '2005', '3', 'When did the Sensex touch all time peak of before closing at 20873?'),
(14, '20978', '20550', '21050', '21078', '4', 'All time peak value of Sensex?'),
(15, '2050.62', '2110.79', '2345.65', '2587.34', '2', 'The highest single day surge in Sensex?'),
(16, '1,408.35 points', '1208.35 points', '1305.50 points', '1110.50 points', '1', 'The largest single-day fall of the Sensex?'),
(17, '5723000.23 approx', '5810991.23 approx', '5810895.43 approx', '5610231.43 approx', '2', 'What is the full market capitalization of Sensex( in Rs. Crores)?'),
(18, '6', '1', '2', '4', '3', 'How many "quiet periods" are there during an IPO''s history?'),
(19, 'Industrial & Commercial Bank of China ', 'Google', 'ICICI', 'Development bank of America', '1', 'Largest IPO ever?'),
(20, 'Shanghai Stock Exchange', 'BSE', 'NASDAQ', 'NSE', '3', 'Which stock exchange has largest trading volume in the world?');

-- --------------------------------------------------------

--
-- Table structure for table `status`
--

CREATE TABLE IF NOT EXISTS `status` (
  `status` int(10) NOT NULL
) ENGINE=MyISAM DEFAULT CHARSET=latin1;

--
-- Dumping data for table `status`
--

INSERT INTO `status` (`status`) VALUES
(1);

-- --------------------------------------------------------

--
-- Table structure for table `status_message`
--

CREATE TABLE IF NOT EXISTS `status_message` (
  `player` int(100) NOT NULL,
  `message` varchar(255) NOT NULL,
  `time` time NOT NULL
) ENGINE=MyISAM DEFAULT CHARSET=latin1;

-- --------------------------------------------------------

--
-- Table structure for table `stock`
--

CREATE TABLE IF NOT EXISTS `stock` (
  `player` varchar(100) NOT NULL,
  `part_no` int(10) NOT NULL,
  `stock` double(255,2) NOT NULL DEFAULT '1000000.00',
  `axisbank` int(255) NOT NULL DEFAULT '0',
  `bajajauto` int(255) NOT NULL DEFAULT '0',
  `bhartiairtel` int(255) NOT NULL DEFAULT '0',
  `denabank` int(255) NOT NULL DEFAULT '0',
  `educomp` int(255) NOT NULL DEFAULT '0',
  `hdfc` int(255) NOT NULL DEFAULT '0',
  `icici` int(255) NOT NULL DEFAULT '0',
  `infosys` int(255) NOT NULL DEFAULT '0',
  `larsen` int(255) NOT NULL DEFAULT '0',
  `ongc` int(255) NOT NULL DEFAULT '0',
  `oraclefinance` int(255) NOT NULL DEFAULT '0',
  `relcapital` int(255) NOT NULL DEFAULT '0',
  `relinfra` int(255) NOT NULL DEFAULT '0',
  `relpower` int(255) NOT NULL DEFAULT '0',
  `satyam` int(255) NOT NULL DEFAULT '0',
  `sbi` int(255) NOT NULL DEFAULT '0',
  `tatastl` int(255) NOT NULL DEFAULT '0',
  `tcs` int(255) NOT NULL DEFAULT '0',
  `ultratech` int(255) NOT NULL DEFAULT '0',
  `wipro` int(255) NOT NULL DEFAULT '0',
  `broker_status` int(20) NOT NULL DEFAULT '0',
  `quiz_status` int(20) NOT NULL DEFAULT '0',
  `result` varchar(255) NOT NULL DEFAULT '0',
  `time` int(255) NOT NULL DEFAULT '0',
  `temp_stock` double(255,2) NOT NULL DEFAULT '0.00',
  UNIQUE KEY `player` (`player`,`stock`)
) ENGINE=MyISAM DEFAULT CHARSET=latin1;

-- --------------------------------------------------------

--
-- Table structure for table `winner`
--

CREATE TABLE IF NOT EXISTS `winner` (
  `player` varchar(100) NOT NULL,
  `part_no` int(10) NOT NULL AUTO_INCREMENT,
  `stock` double(255,2) NOT NULL DEFAULT '1000000.00',
  `axisbank` int(255) NOT NULL DEFAULT '0',
  `bajajauto` int(255) NOT NULL DEFAULT '0',
  `bhartiairtel` int(255) NOT NULL DEFAULT '0',
  `denabank` int(255) NOT NULL DEFAULT '0',
  `educomp` int(255) NOT NULL DEFAULT '0',
  `hdfc` int(255) NOT NULL DEFAULT '0',
  `icici` int(255) NOT NULL DEFAULT '0',
  `infosys` int(255) NOT NULL DEFAULT '0',
  `larsen` int(255) NOT NULL DEFAULT '0',
  `ongc` int(255) NOT NULL DEFAULT '0',
  `oraclefinance` int(255) NOT NULL DEFAULT '0',
  `relcapital` int(255) NOT NULL DEFAULT '0',
  `relinfra` int(255) NOT NULL DEFAULT '0',
  `relpower` int(255) NOT NULL DEFAULT '0',
  `satyam` int(255) NOT NULL DEFAULT '0',
  `sbi` int(255) NOT NULL DEFAULT '0',
  `tatastl` int(255) NOT NULL DEFAULT '0',
  `tcs` int(255) NOT NULL DEFAULT '0',
  `ultratech` int(255) NOT NULL DEFAULT '0',
  `wipro` int(255) NOT NULL DEFAULT '0',
  `broker_status` int(20) NOT NULL DEFAULT '0',
  `quiz_status` int(20) NOT NULL DEFAULT '1',
  `result` varchar(255) NOT NULL DEFAULT '0',
  `time` int(255) NOT NULL DEFAULT '0',
  `temp_stock` double(255,0) NOT NULL DEFAULT '0',
  `name` varchar(100) NOT NULL,
  `password` varchar(100) NOT NULL,
  PRIMARY KEY (`part_no`)
) ENGINE=MyISAM  DEFAULT CHARSET=latin1 AUTO_INCREMENT=165 ;

--
-- Dumping data for table `winner`
--

INSERT INTO `winner` (`player`, `part_no`, `stock`, `axisbank`, `bajajauto`, `bhartiairtel`, `denabank`, `educomp`, `hdfc`, `icici`, `infosys`, `larsen`, `ongc`, `oraclefinance`, `relcapital`, `relinfra`, `relpower`, `satyam`, `sbi`, `tatastl`, `tcs`, `ultratech`, `wipro`, `broker_status`, `quiz_status`, `result`, `time`, `temp_stock`, `name`, `password`) VALUES
('arvind', 1, 1000000.00, 0, 0, 0, 0, 0, 0, 0, 0, 0, 0, 0, 0, 0, 0, 0, 0, 0, 0, 0, 0, 0, 1, '0', 0, 1000000, 'arvind', '12345'),
('9429857798', 2, 31543458.57, 0, 0, 0, 0, 0, 0, 0, 0, 0, 0, 0, 0, 0, 0, 0, 0, 0, 0, 0, 0, 0, 1, '0', 0, 31543459, 'Keval', '9429857798'),
('7405100015', 3, 1000000.00, 0, 0, 0, 0, 0, 0, 0, 0, 0, 0, 0, 0, 0, 0, 0, 0, 0, 0, 0, 0, 0, 1, '0', 0, 1000000, 'Nihal', '7405100015'),
('9714359399', 4, 1000000.00, 0, 0, 0, 0, 0, 0, 0, 0, 0, 0, 0, 0, 0, 0, 0, 0, 0, 0, 0, 0, 0, 1, '0', 0, 1000000, 'Vishal', '9714359399'),
('9824843331', 5, 1000000.00, 0, 0, 0, 0, 0, 0, 0, 0, 0, 0, 0, 0, 0, 0, 0, 0, 0, 0, 0, 0, 0, 1, '0', 0, 1000000, 'Saharsh', '9824843331'),
('8238248498', 6, 1000000.00, 0, 0, 0, 0, 0, 0, 0, 0, 0, 0, 0, 0, 0, 0, 0, 0, 0, 0, 0, 0, 0, 1, '0', 0, 1000000, 'Sachin', '8238248498'),
('9426436142', 7, 448703.50, 400, 0, 150, 0, 0, 0, 100, 250, 1000, 500, 0, 500, 550, 500, 500, 500, 0, 750, 500, 0, 0, 1, '0', 0, 1263173, 'Rohan', '9426436142'),
('9904708489', 8, 1000000.00, 0, 0, 0, 0, 0, 0, 0, 0, 0, 0, 0, 0, 0, 0, 0, 0, 0, 0, 0, 0, 0, 1, '0', 0, 1000000, 'Jay', '9904708489'),
('9408887834', 9, 1000000.00, 0, 0, 0, 0, 0, 0, 0, 0, 0, 0, 0, 0, 0, 0, 0, 0, 0, 0, 0, 0, 0, 1, '0', 0, 1000000, 'rahul', '9408887834'),
('8347431763', 10, 690432.80, 0, 0, 0, 0, 0, 0, 0, 0, 0, 0, 0, 0, 0, 0, 0, 0, 500, 10, 0, 0, 0, 1, '0', 0, 760789, 'Mudit', '8347431763'),
('9601914984', 11, 5375832704.55, 0, 50000, 55000, 40000, 35000, 75000, 0, 85000, 0, 0, 106000, 55000, 30000, 0, 0, 50000, 95000, 75000, 0, 55000, 0, 1, '0', 0, 5474761945, 'vivek', '9601914984'),
('8460201066', 12, 1000000.00, 0, 0, 0, 0, 0, 0, 0, 0, 0, 0, 0, 0, 0, 0, 0, 0, 0, 0, 0, 0, 0, 1, '0', 0, 1000000, 'Manan', '8460201066'),
('7874008657', 13, 1000000.00, 0, 0, 0, 0, 0, 0, 0, 0, 0, 0, 0, 0, 0, 0, 0, 0, 0, 0, 0, 0, 0, 1, '0', 0, 1000000, 'chintansinh', '7874008657'),
('9586875946', 14, 1000000.00, 0, 0, 0, 0, 0, 0, 0, 0, 0, 0, 0, 0, 0, 0, 0, 0, 0, 0, 0, 0, 0, 1, '0', 0, 1000000, 'rajesh', '9586875946'),
('8511190726', 15, 2018155.72, 0, 0, 0, 0, 0, 0, 0, 0, 0, 0, 0, 0, 0, 0, 0, 0, 0, 0, 0, 0, 0, 1, '0', 0, 2018156, 'parth', '8511190726'),
('9724397402', 16, 1000000.00, 0, 0, 0, 0, 0, 0, 0, 0, 0, 0, 0, 0, 0, 0, 0, 0, 0, 0, 0, 0, 0, 1, '0', 0, 1000000, 'himanshu', '9724397402'),
('7600687989', 17, 1353823512.45, 0, 0, 0, 0, 0, 0, 0, 0, 0, 0, 0, 0, 0, 0, 0, 0, 0, 0, 0, 0, 0, 1, '0', 0, 1353823512, 'neeraj', '7600687989'),
('8000883256', 18, 844894.00, 0, 0, 0, 0, 0, 0, 0, 0, 0, 60, 0, 0, 0, 0, 100, 0, 0, 0, 0, 0, 0, 1, '0', 0, 859857, 'Neel', '8000883256'),
('8690916866', 19, 890849.00, 100, 300, 0, 0, 0, 0, 39000, 0, 2000, 0, 500, 0, 0, 0, 0, 200, 0, 0, 0, 1000, 0, 1, '0', 0, 2896531, 'kartik', '8690916866'),
('9429783535', 20, 1000000.00, 0, 0, 0, 0, 0, 0, 0, 0, 0, 0, 0, 0, 0, 0, 0, 0, 0, 0, 0, 0, 0, 1, '0', 0, 1000000, 'vraj', '9429783535'),
('9408503852', 21, 16109868.78, 0, 0, 0, 0, 0, 0, 0, 0, 0, 0, 0, 0, 0, 0, 0, 16000, 0, 0, 0, 0, 0, 1, '0', 0, 17465869, 'husain', '9408503852'),
('8734095384', 22, 234595.55, 200, 0, 0, 0, 0, 200, 0, 50, 0, 0, 10, 400, 0, 0, 200, 50, 0, 0, 90, 200, 0, 1, '0', 0, 410130, 'karan', '8734095384'),
('9737627840', 23, 9244069.99, 0, 0, 0, 0, 0, 0, 0, 0, 0, 0, 0, 0, 0, 0, 0, 0, 0, 0, 0, 0, 0, 1, '0', 0, 9244070, 'Subham', '9737627840'),
('9714413435', 24, 939972.20, 50, 0, 0, 50, 25, 0, 100, 0, 0, 0, 5, 0, 0, 0, 0, 0, 0, 10, 0, 10, 0, 1, '0', 0, 951120, 'darshan', '9714413435'),
('8758471704', 25, 5992742.06, 0, 0, 0, 0, 0, 0, 0, 0, 0, 50, 50, 0, 0, 0, 0, 0, 0, 0, 0, 0, 0, 1, '0', 0, 5998591, 'bhavya', '8758471704'),
('9099349359', 26, 1000000.00, 0, 0, 0, 0, 0, 0, 0, 0, 0, 0, 0, 0, 0, 0, 0, 0, 0, 0, 0, 0, 0, 1, '0', 0, 1000000, 'Keyur', '9099349359'),
('8140366756', 27, 2209967.54, 200, 100, 0, 0, 0, 0, 0, 0, 0, 0, 0, 50, 0, 0, 0, 0, 100, 250, 250, 250, 0, 1, '0', 0, 2375181, 'abhishek', '8140366756'),
('8460034436', 28, 158779.75, 0, 0, 0, 0, 0, 0, 0, 0, 0, 0, 0, 0, 0, 0, 0, 0, 0, 0, 0, 0, 0, 1, '0', 0, 158780, 'harshil', '8460034436'),
('7698151541', 29, 1000000.00, 0, 0, 0, 0, 0, 0, 0, 0, 0, 0, 0, 0, 0, 0, 0, 0, 0, 0, 0, 0, 0, 1, '0', 0, 1000000, 'Hardik', '7698151541'),
('7405198685', 30, 4235971.51, 0, 0, 0, 0, 0, 0, 0, 0, 0, 0, 0, 0, 0, 0, 0, 0, 0, 0, 0, 0, 0, 1, '0', 0, 4235972, 'aatman', '7405198685'),
('8460917400', 31, 1000000.00, 0, 0, 0, 0, 0, 0, 0, 0, 0, 0, 0, 0, 0, 0, 0, 0, 0, 0, 0, 0, 0, 1, '0', 0, 1000000, 'premal', '8460917400'),
('9067451846', 32, 28095773.00, 0, 0, 0, 0, 0, 0, 0, 0, 0, 0, 0, 0, 0, 0, 0, 0, 0, 0, 0, 0, 0, 1, '0', 0, 28095773, 'Uday', '9067451846'),
('7405569313', 33, 618864571.83, 0, 0, 0, 0, 0, 0, 0, 0, 0, 0, 0, 0, 0, 0, 0, 0, 0, 0, 0, 0, 0, 1, '0', 0, 618864572, 'Jay', '7405569313'),
('9924623542', 34, 2763256.70, 0, 0, 0, 0, 0, 0, 0, 0, 7000, 0, 0, 0, 0, 0, 0, 8000, 0, 0, 0, 0, 0, 1, '0', 0, 4602487, 'Vatsal', '9924623542'),
('7698967522', 35, 2228095.05, 0, 0, 0, 0, 2000, 0, 0, 0, 500, 0, 0, 100, 0, 0, 0, 0, 0, 0, 0, 0, 0, 1, '0', 0, 2445175, 'Harsh', '7698967522'),
('9428855204', 36, 1000000.00, 0, 0, 0, 0, 0, 0, 0, 0, 0, 0, 0, 0, 0, 0, 0, 0, 0, 0, 0, 0, 0, 1, '0', 0, 1000000, 'Parth', '9428855204'),
('8154080705', 37, 10840.85, 2015, 0, 0, 0, 110, 0, 0, 250, 110, 0, 0, 0, 0, 80, 0, 0, 0, 0, 0, 0, 0, 1, '0', 0, 192066, 'Harsh', '8154080705'),
('7698489769', 38, 1000000.00, 0, 0, 0, 0, 0, 0, 0, 0, 0, 0, 0, 0, 0, 0, 0, 0, 0, 0, 0, 0, 0, 1, '0', 0, 1000000, 'Jay', '7698489769'),
('9427929518', 39, 1000000.00, 0, 0, 0, 0, 0, 0, 0, 0, 0, 0, 0, 0, 0, 0, 0, 0, 0, 0, 0, 0, 0, 1, '0', 0, 1000000, 'Abhijeet', '9427929518'),
('9512145720', 40, 10445091.00, 1000, 1000, 0, 0, 0, 1500, 0, 0, 0, 0, 0, 0, 0, 0, 0, 0, 0, 0, 0, 0, 0, 1, '0', 0, 10900611, 'Khushal', '9512145720'),
('8866406318', 41, 180353.00, 0, 0, 0, 1000, 0, 0, 0, 0, 0, 100, 0, 0, 0, 0, 0, 200, 0, 0, 0, 500, 0, 1, '0', 0, 268776, 'Piyush', '8866406318'),
('9974575753', 42, 1000000.00, 0, 0, 0, 0, 0, 0, 0, 0, 0, 0, 0, 0, 0, 0, 0, 0, 0, 0, 0, 0, 0, 1, '0', 0, 1000000, 'Shivam', '9974575753'),
('9574175176', 43, 3265371.00, 3000, 0, 0, 0, 0, 0, 0, 0, 0, 0, 0, 0, 0, 0, 0, 0, 0, 0, 0, 0, 0, 1, '0', 0, 3404961, 'Hiren', '9574175176'),
('7600052821', 44, 1000000.00, 0, 0, 0, 0, 0, 0, 0, 0, 0, 0, 0, 0, 0, 0, 0, 0, 0, 0, 0, 0, 0, 1, '0', 0, 1000000, 'Arjun', '7600052821'),
('9429644968', 45, 1226709.80, 0, 0, 0, 0, 200, 100, 0, 100, 0, 350, 0, 0, 200, 0, 0, 500, 0, 50, 100, 500, 0, 1, '0', 0, 1477972, 'Pritam', '9429644968'),
('9723538010', 46, 2873493.12, 0, 0, 0, 0, 0, 0, 0, 0, 0, 0, 0, 0, 0, 0, 0, 0, 0, 0, 0, 0, 0, 1, '0', 0, 2873493, 'Gopal', '9723538010'),
('9898069821', 47, 381483.20, 0, 420, 0, 500, 110, 0, 0, 0, 200, 0, 0, 0, 0, 200, 0, 0, 100, 0, 500, 0, 0, 1, '0', 0, 606525, 'Parag', '9898069821'),
('7228846493', 48, 1676813.04, 100, 200, 0, 0, 0, 0, 0, 0, 106, 0, 40, 0, 150, 0, 0, 500, 50, 800, 60, 0, 0, 1, '0', 0, 1940038, 'Prakash Vekariya', '7228846493'),
('9429513666', 49, 392244316.40, 0, 0, 0, 0, 0, 0, 0, 0, 48000, 50000, 0, 19000, 0, 0, 0, 0, 0, 0, 30000, 0, 0, 1, '0', 0, 413281786, 'Arjun', '9429513666'),
('9904212227', 50, 882156.80, 20, 65, 100, 100, 99, 0, 1185, 59, 0, 0, 0, 0, 0, 0, 0, 1084, 65, 0, 0, 0, 0, 1, '0', 0, 1061509, 'Anil Chavda', '9904212227'),
('9724745510', 51, 1000000.00, 0, 0, 0, 0, 0, 0, 0, 0, 0, 0, 0, 0, 0, 0, 0, 0, 0, 0, 0, 0, 0, 1, '0', 0, 1000000, 'Charmin', '9724745510'),
('9586145122', 52, 104206979.50, 50000, 20000, 20000, 16000, 45000, 20000, 40000, 10000, 20000, 28000, 80000, 15000, 20000, 40000, 70000, 13700, 3500, 10000, 40000, 20000, 0, 1, '0', 0, 159484379, 'Kishan', '9586145122'),
('9909277177', 53, 7738808.61, 0, 0, 0, 0, 0, 0, 0, 0, 0, 0, 0, 0, 0, 0, 0, 0, 0, 0, 0, 0, 0, 1, '0', 0, 7738809, 'Neel', '9909277177'),
('7226977111', 54, 157320.90, 1100, 0, 0, 0, 0, 0, 0, 0, 0, 200, 0, 0, 0, 0, 0, 0, 0, 0, 0, 110, 0, 1, '0', 0, 233816, 'Vishv Gohel', '7226977111'),
('9427430376', 55, 35438.73, 0, 25, 25, 60, 50, 95, 10, 115, 0, 2329, 0, 0, 50, 19, 0, 500, 0, 100, 25, 120, 0, 1, '0', 0, 343789, 'Bhavya', '9427430376'),
('9924066907', 56, 316556.15, 0, 0, 0, 0, 10, 0, 0, 0, 210, 0, 0, 0, 0, 0, 9, 0, 0, 0, 0, 0, 0, 1, '0', 0, 352981, 'Dhruv Patel', '9924066907'),
('8140628226', 57, 1000000.00, 0, 0, 0, 0, 0, 0, 0, 0, 0, 0, 0, 0, 0, 0, 0, 0, 0, 0, 0, 0, 0, 1, '0', 0, 1000000, 'Akansha', '8140628226'),
('9427151809', 58, 94019.35, 0, 0, 0, 0, 0, 415, 0, 400, 0, 0, 0, 0, 0, 0, 0, 0, 0, 0, 0, 0, 0, 1, '0', 0, 282707, 'Vasawa Akshay', '9427151809'),
('7874940106', 59, 3039.10, 300, 2100, 6395, 0, 3000, 0, 150, 0, 0, 0, 5, 1890, 60, 0, 5, 0, 0, 0, 0, 15, 0, 1, '0', 0, 1003507, 'Vishwa', '7874940106'),
('7405112685', 60, 1000000.00, 0, 0, 0, 0, 0, 0, 0, 0, 0, 0, 0, 0, 0, 0, 0, 0, 0, 0, 0, 0, 0, 1, '0', 0, 1000000, 'Rejoice', '7405112685'),
('9909331013', 61, 700168.91, 0, 100, 0, 0, 70, 0, 0, 0, 500, 0, 0, 0, 0, 1000, 0, 0, 0, 0, 348, 0, 0, 1, '0', 0, 911394, 'Solanki Divyaraj', '9909331013'),
('8866725593', 62, 1000000.00, 0, 0, 0, 0, 0, 0, 0, 0, 0, 0, 0, 0, 0, 0, 0, 0, 0, 0, 0, 0, 0, 1, '0', 0, 1000000, 'Rajvi', '8866725593'),
('7567157673', 63, 1000000.00, 0, 0, 0, 0, 0, 0, 0, 0, 0, 0, 0, 0, 0, 0, 0, 0, 0, 0, 0, 0, 0, 1, '0', 0, 1000000, 'Gajera', '7567157673'),
('8758023744', 64, 1000000.00, 0, 0, 0, 0, 0, 0, 0, 0, 0, 0, 0, 0, 0, 0, 0, 0, 0, 0, 0, 0, 0, 1, '0', 0, 1000000, 'Urmi Vagadia', '8758023744'),
('9054311103', 65, 1000000.00, 0, 0, 0, 0, 0, 0, 0, 0, 0, 0, 0, 0, 0, 0, 0, 0, 0, 0, 0, 0, 0, 1, '0', 0, 1000000, 'Vishal', '9054311103'),
('9725542808', 66, 803602.35, 0, 0, 0, 0, 40, 0, 0, 0, 0, 20, 0, 0, 0, 0, 20, 65, 20, 0, 20, 30, 0, 1, '0', 0, 826069, 'Karan Patel', '9725542808'),
('8460650674', 67, 1000000.00, 0, 0, 0, 0, 0, 0, 0, 0, 0, 0, 0, 0, 0, 0, 0, 0, 0, 0, 0, 0, 0, 1, '0', 0, 1000000, 'Yash Ghetiya', '8460650674'),
('9409578771', 68, 1000000.00, 0, 0, 0, 0, 0, 0, 0, 0, 0, 0, 0, 0, 0, 0, 0, 0, 0, 0, 0, 0, 0, 1, '0', 0, 1000000, 'Kishan Joshi', '9409578771'),
('9712025735', 69, 1000000.00, 0, 0, 0, 0, 0, 0, 0, 0, 0, 0, 0, 0, 0, 0, 0, 0, 0, 0, 0, 0, 0, 1, '0', 0, 1000000, 'Karan', '9712025735'),
('9904202108', 70, 1000000.00, 0, 0, 0, 0, 0, 0, 0, 0, 0, 0, 0, 0, 0, 0, 0, 0, 0, 0, 0, 0, 0, 1, '0', 0, 1000000, 'Maulik', '9904202108'),
('7405707974', 71, 1000000.00, 0, 0, 0, 0, 0, 0, 0, 0, 0, 0, 0, 0, 0, 0, 0, 0, 0, 0, 0, 0, 0, 1, '0', 0, 1000000, 'Harshil', '7405707974'),
('7698967592', 72, 170096.50, 250, 0, 0, 0, 0, 0, 0, 0, 1500, 0, 0, 0, 0, 0, 0, 0, 0, 0, 500, 0, 0, 1, '0', 0, 558154, 'Urmin', '7698967592'),
('9725707020', 73, 1000000.00, 0, 0, 0, 0, 0, 0, 0, 0, 0, 0, 0, 0, 0, 0, 0, 0, 0, 0, 0, 0, 0, 1, '0', 0, 1000000, 'Kevin ', '9725707020'),
('8866051885', 74, 1000000.00, 0, 0, 0, 0, 0, 0, 0, 0, 0, 0, 0, 0, 0, 0, 0, 0, 0, 0, 0, 0, 0, 1, '0', 0, 1000000, 'Dipak Makwana', '8866051885'),
('7405437639', 75, 942139.50, 50, 0, 0, 0, 0, 0, 0, 0, 0, 0, 100, 0, 0, 50, 0, 50, 0, 0, 0, 0, 0, 1, '0', 0, 954749, 'Harshil', '7405437639'),
('7698967592', 76, 1000000.00, 0, 0, 0, 0, 0, 0, 0, 0, 0, 0, 0, 0, 0, 0, 0, 0, 0, 0, 0, 0, 0, 1, '0', 0, 1000000, 'Denish', '7698967592'),
('7046521242', 77, 1000000.00, 0, 0, 0, 0, 0, 0, 0, 0, 0, 0, 0, 0, 0, 0, 0, 0, 0, 0, 0, 0, 0, 1, '0', 0, 1000000, 'Prem Parmar', '7046521242'),
('7069307537', 78, 1832231.00, 500, 0, 0, 0, 0, 0, 0, 0, 0, 0, 0, 0, 0, 0, 0, 0, 0, 0, 0, 0, 0, 1, '0', 0, 1855496, 'Rushi', '7069307537'),
('9512506340', 79, 1000000.00, 0, 0, 0, 0, 0, 0, 0, 0, 0, 0, 0, 0, 0, 0, 0, 0, 0, 0, 0, 0, 0, 1, '0', 0, 1000000, 'Mohit ', '9512506340'),
('9601287414', 80, 1000000.00, 0, 0, 0, 0, 0, 0, 0, 0, 0, 0, 0, 0, 0, 0, 0, 0, 0, 0, 0, 0, 0, 1, '0', 0, 1000000, 'Dhruv', '9601287414'),
('9428393388', 81, 1000000.00, 0, 0, 0, 0, 0, 0, 0, 0, 0, 0, 0, 0, 0, 0, 0, 0, 0, 0, 0, 0, 0, 1, '0', 0, 1000000, 'Jinay', '9428393388'),
('8866333645', 82, 1000000.00, 0, 0, 0, 0, 0, 0, 0, 0, 0, 0, 0, 0, 0, 0, 0, 0, 0, 0, 0, 0, 0, 1, '0', 0, 1000000, 'Vraj Shah', '8866333645'),
('9408591159', 83, 904859.00, 50, 50, 0, 0, 0, 0, 20, 0, 0, 0, 100, 0, 0, 50, 0, 50, 0, 0, 0, 0, 0, 1, '0', 0, 921967, 'Nirali', '9408591159'),
('7405069859', 84, 2310801.50, 0, 0, 0, 0, 0, 0, 0, 0, 0, 0, 0, 0, 0, 0, 0, 0, 0, 0, 0, 0, 0, 1, '0', 0, 2310801, 'Ashish Arora', '7405069859'),
('9408252450', 85, 1000000.00, 0, 0, 0, 0, 0, 0, 0, 0, 0, 0, 0, 0, 0, 0, 0, 0, 0, 0, 0, 0, 0, 1, '0', 0, 1000000, 'Keval', '9408252450'),
('9638812784', 86, 1000000.00, 0, 0, 0, 0, 0, 0, 0, 0, 0, 0, 0, 0, 0, 0, 0, 0, 0, 0, 0, 0, 0, 1, '0', 0, 1000000, 'Parth', '9638812784'),
('9426074356', 87, 1000000.00, 0, 0, 0, 0, 0, 0, 0, 0, 0, 0, 0, 0, 0, 0, 0, 0, 0, 0, 0, 0, 0, 1, '0', 0, 1000000, 'Jainam Shah', '9426074356'),
('7698967592', 88, 1000000.00, 0, 0, 0, 0, 0, 0, 0, 0, 0, 0, 0, 0, 0, 0, 0, 0, 0, 0, 0, 0, 0, 1, '0', 0, 1000000, 'Ankit', '7698967592'),
('7698967592', 89, 1000000.00, 0, 0, 0, 0, 0, 0, 0, 0, 0, 0, 0, 0, 0, 0, 0, 0, 0, 0, 0, 0, 0, 1, '0', 0, 1000000, 'Abhijeet', '7698967592'),
('7575017521', 90, 508890997.56, 0, 0, 0, 0, 0, 0, 5000, 0, 5500, 5500, 5500, 6000, 5000, 47300, 4961, 4500, 0, 6230, 0, 5000, 0, 1, '0', 0, 515112651, 'Dhameliya Parth', '7575017521'),
('7405080773', 91, 4442976.10, 0, 0, 0, 0, 0, 0, 0, 0, 0, 0, 0, 0, 0, 0, 50, 0, 0, 0, 0, 0, 0, 1, '0', 0, 4448348, 'Yash', '7405080773'),
('9033442729', 92, 1000000.00, 0, 0, 0, 0, 0, 0, 0, 0, 0, 0, 0, 0, 0, 0, 0, 0, 0, 0, 0, 0, 0, 1, '0', 0, 1000000, 'Brijesh', '9033442729'),
('8460408214', 93, 1000000.00, 0, 0, 0, 0, 0, 0, 0, 0, 0, 0, 0, 0, 0, 0, 0, 0, 0, 0, 0, 0, 0, 1, '0', 0, 1000000, 'Neeldeep ', '8460408214'),
('9879149601', 94, 1000000.00, 0, 0, 0, 0, 0, 0, 0, 0, 0, 0, 0, 0, 0, 0, 0, 0, 0, 0, 0, 0, 0, 1, '0', 0, 1000000, 'Devansh Mystry', '9879149601'),
('7202060693', 95, 417790.00, 0, 0, 0, 4000, 0, 0, 0, 0, 1000, 0, 0, 0, 0, 0, 0, 0, 0, 0, 0, 0, 0, 1, '0', 0, 636960, 'Yogin', '7202060693'),
('9409488005', 96, 1000000.00, 0, 0, 0, 0, 0, 0, 0, 0, 0, 0, 0, 0, 0, 0, 0, 0, 0, 0, 0, 0, 0, 1, '0', 0, 1000000, 'Mohit Jyani', '9409488005'),
('9904212227', 97, 1000000.00, 0, 0, 0, 0, 0, 0, 0, 0, 0, 0, 0, 0, 0, 0, 0, 0, 0, 0, 0, 0, 0, 1, '0', 0, 1000000, 'Anil', '9904212227'),
('7226977111', 98, 1000000.00, 0, 0, 0, 0, 0, 0, 0, 0, 0, 0, 0, 0, 0, 0, 0, 0, 0, 0, 0, 0, 0, 1, '0', 0, 1000000, 'Vishv Gohel', '7226977111'),
('8980777997', 99, 1000000.00, 0, 0, 0, 0, 0, 0, 0, 0, 0, 0, 0, 0, 0, 0, 0, 0, 0, 0, 0, 0, 0, 1, '0', 0, 1000000, 'Bhagirath', '8980777997'),
('9426516735', 100, 1000000.00, 0, 0, 0, 0, 0, 0, 0, 0, 0, 0, 0, 0, 0, 0, 0, 0, 0, 0, 0, 0, 0, 1, '0', 0, 1000000, 'Hardik', '9426516735'),
('7874554489', 101, 1000000.00, 0, 0, 0, 0, 0, 0, 0, 0, 0, 0, 0, 0, 0, 0, 0, 0, 0, 0, 0, 0, 0, 1, '0', 0, 1000000, 'Rohan Shiyani', '7874554489'),
('9067696806', 102, 3743.88, 0, 180, 200, 0, 1000, 0, 200, 0, 750, 0, 0, 150, 200, 300, 0, 0, 50, 0, 0, 0, 0, 1, '0', 0, 295765, 'Montu', '9067696806'),
('9426070997', 103, 1000000.00, 0, 0, 0, 0, 0, 0, 0, 0, 0, 0, 0, 0, 0, 0, 0, 0, 0, 0, 0, 0, 0, 1, '0', 0, 1000000, 'Shah Drumil', '9426070997'),
('9408517121', 104, 1000000.00, 0, 0, 0, 0, 0, 0, 0, 0, 0, 0, 0, 0, 0, 0, 0, 0, 0, 0, 0, 0, 0, 1, '0', 0, 1000000, 'Aashish Joshi', '9408517121'),
('9586525305', 105, 1000000.00, 0, 0, 0, 0, 0, 0, 0, 0, 0, 0, 0, 0, 0, 0, 0, 0, 0, 0, 0, 0, 0, 1, '0', 0, 1000000, 'Pratik Surani', '9586525305'),
('9714930760', 106, 75.12, 0, 0, 0, 2, 200, 200, 0, 0, 0, 0, 0, 0, 0, 0, 0, 200, 0, 300, 43, 0, 0, 1, '0', 0, 133315, 'Nayan', '9714930760'),
('7600054098', 107, 2007.16, 250, 0, 100, 100, 100, 0, 44, 0, 0, 200, 700, 0, 0, 800, 75, 50, 0, 400, 0, 100, 0, 1, '0', 0, 185403, 'Abhishek', '7600054098'),
('7048887441', 108, 638510.10, 0, 0, 1, 0, 0, 0, 0, 0, 0, 0, 0, 100, 0, 0, 20, 0, 0, 0, 0, 0, 0, 1, '0', 0, 650741, 'Romi Kukadiya', '7048887441'),
('8460702452', 109, 1000000.00, 0, 0, 0, 0, 0, 0, 0, 0, 0, 0, 0, 0, 0, 0, 0, 0, 0, 0, 0, 0, 0, 1, '0', 0, 1000000, 'Khilan Pandya', '8460702452'),
('9722505222', 110, 1000000.00, 0, 0, 0, 0, 0, 0, 0, 0, 0, 0, 0, 0, 0, 0, 0, 0, 0, 0, 0, 0, 0, 1, '0', 0, 1000000, 'Tejas', '9722505222'),
('9409014638', 111, 1000000.00, 0, 0, 0, 0, 0, 0, 0, 0, 0, 0, 0, 0, 0, 0, 0, 0, 0, 0, 0, 0, 0, 1, '0', 0, 1000000, 'Prince Khundhediya', '9409014638'),
('8460172318', 112, 314923.00, 0, 0, 0, 8000, 0, 0, 0, 0, 0, 0, 0, 0, 0, 0, 0, 0, 0, 100, 0, 0, 0, 1, '0', 0, 437600, 'Prince Doshi', '8460172318'),
('8469673399', 113, 1000000.00, 0, 0, 0, 0, 0, 0, 0, 0, 0, 0, 0, 0, 0, 0, 0, 0, 0, 0, 0, 0, 0, 1, '0', 0, 1000000, 'Saumil Patel', '8469673399'),
('8347600770', 114, 1000000.00, 0, 0, 0, 0, 0, 0, 0, 0, 0, 0, 0, 0, 0, 0, 0, 0, 0, 0, 0, 0, 0, 1, '0', 0, 1000000, 'Arth', '8347600770'),
('9898890474', 115, 1000000.00, 0, 0, 0, 0, 0, 0, 0, 0, 0, 0, 0, 0, 0, 0, 0, 0, 0, 0, 0, 0, 0, 1, '0', 0, 1000000, 'Inderveer Singh', '9898890474'),
('9638197218', 116, 1000000.00, 0, 0, 0, 0, 0, 0, 0, 0, 0, 0, 0, 0, 0, 0, 0, 0, 0, 0, 0, 0, 0, 1, '0', 0, 1000000, 'Madhav Dhruv', '9638197218'),
('7096493223', 117, 1000000.00, 0, 0, 0, 0, 0, 0, 0, 0, 0, 0, 0, 0, 0, 0, 0, 0, 0, 0, 0, 0, 0, 1, '0', 0, 1000000, 'Madhusudan', '7096493223'),
('9428293333', 118, 539559.00, 200, 0, 200, 0, 0, 0, 3200, 0, 0, 0, 300, 0, 0, 0, 0, 0, 0, 0, 0, 500, 0, 1, '0', 0, 747113, 'Ashesh', '9428293333'),
('9067911924', 119, 1000000.00, 0, 0, 0, 0, 0, 0, 0, 0, 0, 0, 0, 0, 0, 0, 0, 0, 0, 0, 0, 0, 0, 1, '0', 0, 1000000, 'Darshan Bhatt', '9067911924'),
('8401064647', 120, 1000000.00, 0, 0, 0, 0, 0, 0, 0, 0, 0, 0, 0, 0, 0, 0, 0, 0, 0, 0, 0, 0, 0, 1, '0', 0, 1000000, 'Trushant Desai', '8401064647'),
('9974701604', 121, 1000000.00, 0, 0, 0, 0, 0, 0, 0, 0, 0, 0, 0, 0, 0, 0, 0, 0, 0, 0, 0, 0, 0, 1, '0', 0, 1000000, 'Soham Achary', '9974701604'),
('7698965592', 122, 1000000.00, 0, 0, 0, 0, 0, 0, 0, 0, 0, 0, 0, 0, 0, 0, 0, 0, 0, 0, 0, 0, 0, 1, '0', 0, 1000000, 'Satis Savani', '7698965592'),
('9429673656', 123, 1000000.00, 0, 0, 0, 0, 0, 0, 0, 0, 0, 0, 0, 0, 0, 0, 0, 0, 0, 0, 0, 0, 0, 1, '0', 0, 1000000, 'Parth Shah', '9429673656'),
('9687350604', 124, 142.40, 0, 4250, 500, 0, 500, 0, 0, 0, 5000, 0, 1915, 1160, 0, 1000, 11190, 1500, 0, 1500, 0, 5000, 0, 1, '0', 0, 3528721, 'Deep Lakkad', '9687350604'),
('9426519090', 125, 1000000.00, 0, 0, 0, 0, 0, 0, 0, 0, 0, 0, 0, 0, 0, 0, 0, 0, 0, 0, 0, 0, 0, 1, '0', 0, 1000000, 'Shyam Rabadiya', '9426519090'),
('7698131882', 126, 1085823.36, 610, 0, 0, 0, 700, 200, 1500, 0, 100, 50, 50, 0, 0, 0, 0, 0, 0, 0, 0, 100, 0, 1, '0', 0, 1290893, 'Aditya Danayak', '7698131882'),
('7698967592', 127, 1000000.00, 0, 0, 0, 0, 0, 0, 0, 0, 0, 0, 0, 0, 0, 0, 0, 0, 0, 0, 0, 0, 0, 1, '0', 0, 1000000, 'Sagar Sathariya', '7698967592'),
('7405542192', 128, 787784.80, 0, 0, 600, 2000, 100, 5, 50, 0, 0, 0, 100, 0, 0, 0, 0, 0, 0, 0, 1000, 0, 0, 1, '0', 0, 1124112, 'Shubh', '7405542192'),
('9638624512', 129, 1000000.00, 0, 0, 0, 0, 0, 0, 0, 0, 0, 0, 0, 0, 0, 0, 0, 0, 0, 0, 0, 0, 0, 1, '0', 0, 1000000, 'Digvijay Gohil', '9638624512'),
('8866648905', 130, 1000000.00, 0, 0, 0, 0, 0, 0, 0, 0, 0, 0, 0, 0, 0, 0, 0, 0, 0, 0, 0, 0, 0, 1, '0', 0, 1000000, 'Swati Patel', '8866648905'),
('9723245473', 131, 1000000.00, 0, 0, 0, 0, 0, 0, 0, 0, 0, 0, 0, 0, 0, 0, 0, 0, 0, 0, 0, 0, 0, 1, '0', 0, 1000000, 'Raviraj Jaliya', '9723245473'),
('7567207096', 132, 898980.00, 0, 200, 0, 0, 0, 0, 0, 0, 0, 0, 0, 0, 0, 0, 0, 0, 0, 0, 0, 0, 0, 1, '0', 0, 913986, 'Pankaj Galathara', '7567207096'),
('9016717789', 133, 1014974.22, 0, 0, 0, 0, 0, 0, 0, 0, 0, 0, 0, 0, 0, 0, 0, 0, 0, 0, 0, 0, 0, 1, '0', 0, 1014974, 'Utkarsh Madhu', '9016717789'),
('9913269888', 134, 1000000.00, 0, 0, 0, 0, 0, 0, 0, 0, 0, 0, 0, 0, 0, 0, 0, 0, 0, 0, 0, 0, 0, 1, '0', 0, 1000000, 'Urmin Vegad', '9913269888'),
('9033753929', 135, 919874.00, 0, 0, 0, 200, 0, 0, 0, 0, 0, 0, 0, 0, 0, 0, 0, 0, 0, 0, 0, 0, 0, 1, '0', 0, 922538, 'Denish Hadiya', '9033753929'),
('7203077988', 136, 1000000.00, 0, 0, 0, 0, 0, 0, 0, 0, 0, 0, 0, 0, 0, 0, 0, 0, 0, 0, 0, 0, 0, 1, '0', 0, 1000000, 'Dhankecha Bhautik', '7203077988'),
('7405198685', 137, 1000000.00, 0, 0, 0, 0, 0, 0, 0, 0, 0, 0, 0, 0, 0, 0, 0, 0, 0, 0, 0, 0, 0, 1, '0', 0, 1000000, 'Jay Joshi', '7405198685'),
('9998166946', 138, 2111.57, 30, 0, 500, 0, 0, 0, 0, 0, 0, 0, 0, 0, 0, 500, 0, 0, 0, 0, 7, 0, 0, 1, '0', 0, 52989, 'Dhaeamendra Kariya', '9998166946'),
('9408662945', 139, 1000000.00, 0, 0, 0, 0, 0, 0, 0, 0, 0, 0, 0, 0, 0, 0, 0, 0, 0, 0, 0, 0, 0, 1, '0', 0, 1000000, 'Dhara Patel', '9408662945'),
('8866093093', 140, 529043.04, 0, 0, 0, 0, 0, 0, 0, 0, 0, 0, 0, 0, 0, 0, 0, 0, 0, 0, 0, 0, 0, 1, '0', 0, 529043, 'Abhishek Mehta', '8866093093'),
('9638609949', 141, 1000000.00, 0, 0, 0, 0, 0, 0, 0, 0, 0, 0, 0, 0, 0, 0, 0, 0, 0, 0, 0, 0, 0, 1, '0', 0, 1000000, 'Shreyansh Aghera', '9638609949'),
('9408662945', 142, 1000000.00, 0, 0, 0, 0, 0, 0, 0, 0, 0, 0, 0, 0, 0, 0, 0, 0, 0, 0, 0, 0, 0, 1, '0', 0, 1000000, 'Miloni Modi', '9408662945'),
('8758094471', 143, 1000000.00, 0, 0, 0, 0, 0, 0, 0, 0, 0, 0, 0, 0, 0, 0, 0, 0, 0, 0, 0, 0, 0, 1, '0', 0, 1000000, 'Kanji Dodiya', '8758094471'),
('9924578977', 144, 1000000.00, 0, 0, 0, 0, 0, 0, 0, 0, 0, 0, 0, 0, 0, 0, 0, 0, 0, 0, 0, 0, 0, 1, '0', 0, 1000000, 'Jenil Damani', '9924578977'),
('9998800751', 145, 1000000.00, 0, 0, 0, 0, 0, 0, 0, 0, 0, 0, 0, 0, 0, 0, 0, 0, 0, 0, 0, 0, 0, 1, '0', 0, 1000000, 'Sarveshwar Virojc', '9998800751'),
('9033104056', 146, 1000000.00, 0, 0, 0, 0, 0, 0, 0, 0, 0, 0, 0, 0, 0, 0, 0, 0, 0, 0, 0, 0, 0, 1, '0', 0, 1000000, 'Jay Vaghela', '9033104056'),
('9714986989', 147, 1000000.00, 0, 0, 0, 0, 0, 0, 0, 0, 0, 0, 0, 0, 0, 0, 0, 0, 0, 0, 0, 0, 0, 1, '0', 0, 1000000, 'Ranjit', '9714986989'),
('9033198158', 148, 1000000.00, 0, 0, 0, 0, 0, 0, 0, 0, 0, 0, 0, 0, 0, 0, 0, 0, 0, 0, 0, 0, 0, 1, '0', 0, 1000000, 'Choksi Parth', '9033198158'),
('9714986909', 149, 11006.76, 828, 0, 0, 11000, 0, 0, 2300, 0, 0, 1000, 3000, 0, 6000, 2035, 190, 2020, 0, 0, 0, 3220, 0, 1, '0', 0, 2284841, 'Sudhir Dodiya', '9714986909'),
('8238476378', 150, 1000000.00, 0, 0, 0, 0, 0, 0, 0, 0, 0, 0, 0, 0, 0, 0, 0, 0, 0, 0, 0, 0, 0, 1, '0', 0, 1000000, 'Bhavesh Vada', '8238476378'),
('9978546020', 151, 1000000.00, 0, 0, 0, 0, 0, 0, 0, 0, 0, 0, 0, 0, 0, 0, 0, 0, 0, 0, 0, 0, 0, 1, '0', 0, 1000000, 'Bhavik', '9978546020'),
('9924730694', 152, 1000000.00, 0, 0, 0, 0, 0, 0, 0, 0, 0, 0, 0, 0, 0, 0, 0, 0, 0, 0, 0, 0, 0, 1, '0', 0, 1000000, 'Amit Kareliya', '9924730694'),
('9033661622', 154, 968365.37, 0, 0, 0, 0, 10, 0, 201, 0, 605, 0, 0, 0, 0, 0, 0, 0, 0, 0, 0, 0, 0, 1, '0', 0, 1076861, 'dummy', '9033661622'),
('9687181987', 155, 1439089.08, 0, 0, 0, 0, 0, 0, 0, 286, 0, 0, 0, 0, 0, 0, 0, 0, 550, 0, 0, 0, 0, 1, '0', 0, 1583557, 'arvin', '9687181987'),
('9714986909', 156, 1000000.00, 0, 0, 0, 0, 0, 0, 0, 0, 0, 0, 0, 0, 0, 0, 0, 0, 0, 0, 0, 0, 0, 1, '0', 0, 1000000, 'Pradeep', '9714986909'),
('7874508999', 157, 883895.50, 100, 200, 0, 0, 50, 0, 250, 0, 0, 0, 0, 0, 0, 100, 0, 50, 0, 0, 0, 0, 0, 1, '0', 0, 923000, 'Harshraj', '7874508999'),
('8905769129', 158, 420251693.72, 2403, 0, 0, 0, 0, 0, 0, 0, 0, 5000, 0, 0, 0, 0, 0, 0, 0, 0, 0, 0, 0, 1, '0', 0, 420715155, 'Raj Sherdiwala', '8905769129'),
('7383128506', 159, 9566898.51, 0, 0, 0, 0, 0, 0, 0, 0, 0, 0, 0, 0, 0, 0, 0, 0, 0, 0, 0, 0, 0, 1, '0', 0, 9566899, 'vishnu 1', '7383128506'),
('9722008285', 163, 1016547.50, 0, 50, 0, 0, 0, 0, 0, 0, 0, 0, 0, 0, 0, 0, 0, 0, 0, 0, 0, 0, 0, 1, '0', 0, 1020299, 'Akshay', '9722008285'),
('9428858204', 161, 10697.10, 0, 100, 0, 0, 3000, 0, 0, 0, 0, 5500, 0, 600, 100, 0, 0, 0, 0, 0, 0, 0, 0, 1, '0', 0, 671698, 'Teerth', '9428858204'),
('8866422695', 160, 10940629.47, 0, 0, 0, 0, 0, 1550, 0, 0, 0, 0, 0, 0, 0, 0, 0, 0, 0, 0, 0, 0, 0, 1, '0', 0, 11285721, 'harsh', '8866422695'),
('9409370909', 162, 739414.60, 300, 20, 0, 0, 0, 0, 0, 0, 500, 0, 0, 0, 0, 0, 0, 0, 0, 0, 0, 0, 0, 1, '0', 0, 837819, 'keval', '9409370909'),
('8460682358', 164, 1000000.00, 0, 0, 0, 0, 0, 0, 0, 0, 0, 0, 0, 0, 0, 0, 0, 0, 0, 0, 0, 0, 0, 1, '0', 0, 1000000, 'Rohan', '8460682358');

/*!40101 SET CHARACTER_SET_CLIENT=@OLD_CHARACTER_SET_CLIENT */;
/*!40101 SET CHARACTER_SET_RESULTS=@OLD_CHARACTER_SET_RESULTS */;
/*!40101 SET COLLATION_CONNECTION=@OLD_COLLATION_CONNECTION */;
